id,qualified_name,source_labels,kind,domain,group_order,point_count,real_dimension,complex_dimension,rank,carrier_real_dimension,standing,definition,formula_or_action,boundary,source_ids
d8-native-root,Native G60 rooted-neighborhood stabilizer,"[""D8"", ""D_8"", ""D8_frame""]",finite subgroup family,"Aut(G60), with a selected vertex x and its neighbor set",8,,,,,,Source-recorded; original producer not re-executed in this sweep.,"The automorphisms fixing the selected native vertex, with the faithful action on its four neighbors. The comparator audit places the odd-comparator square in the center of this rooted group. A root is part of the object.","Stab_Aut(G60)(x); |Stab|=8; r^4=s^2=1, srs=r^-1","Not the global fiber-product D8 factor, the free eight-point deck group, or the face-operator D8.","[""MM"", ""COVER""]"
d8-position,Petersen-edge positional stabilizer,"[""D8"", ""D_8"", ""D8_pos""]",finite subgroup family,S5 acting on the fifteen unordered Petersen edges / G15 vertices,8,,,,,,Source-recorded; original producer not re-executed in this sweep.,"The subgroup preserving one unordered pair of disjoint two-subsets. It permits the two internal swaps and interchange of the pair. The quotient notation here is a coset space, not a quotient group.",V(G15) ~= S5 / D8_pos,Keep the positional action distinct from the upstairs native action even though the specified descent identifies rooted stabilizers.,"[""COVER""]"
d8-cover-root,Common-cover rooted stabilizer,"[""D8"", ""D_8"", ""D8_frame""]",finite subgroup family,"Aut(K120), at one selected cover vertex",8,,,,,,Source-recorded; original producer not re-executed in this sweep.,"The order-eight stabilizer upstairs in the common census cover. The manuscript reports faithful descent to the corresponding G15 rooted stabilizer, and treats the associated rooted cover/G60/G15 actions together.",Stab_Aut(K120)(x_tilde) -> Stab_Aut(G15)(q(x_tilde)),"This is an action-linked view of the rooted family, not the composite C2^3 deck action.","[""COVER"", ""CENSUS_REPORT""]"
d8-fiber-product,Global fiber-product dihedral coordinate factor,"[""D8"", ""D_8"", ""d8""]",abstract presentation factor,S5 x D8 subject to parity compatibility,8,,,,,,Source-recorded; original producer not re-executed in this sweep.,"The dihedral factor used to present all 480 native automorphisms. Its coordinates are a rotation r mod 4 and a flip f mod 2; its character r mod 2 is matched with the S5 sign. This is a factor in a model, not by itself a chosen subgroup of native permutations.","(r,f)(u,g)=(r+(-1)^f u mod4,f+g mod2); parity(sigma)=r mod2",Do not identify the D8 projection of the full group with a root stabilizer or its specific center without an explicit map.,"[""FP""]"
d8-history-factor,Registered phase-group dihedral factor,"[""D8"", ""D_8"", ""D8_hist""]",embedded subgroup / direct factor,"Gamma_hist=<r,s,z> inside the supplied Aut(G60) cache",8,,,,,,Source-recorded; original producer not re-executed in this sweep.,"The factor generated by the declared r and s in the sixteen-element history-phase group. A central extra z supplies the additional C2. The source gives actual cache indices, but those numbers are not universal names.","<r,s>; r=cache[3], s=cache[325], z=cache[324]; Gamma_hist ~= D8 x C2","This is not the twelve-pentagon coefficient representation or the original history alphabet {2,3}. The exact chosen generators, not just the abstract D8 label, identify the factor.","[""HISTORY_PHASE""]"
history-coset-image,Four-phase coset permutation image,"[""D8"", ""D8_hist_image""]",finite permutation image,Gamma_hist acting on X=Gamma_hist/H0,8,4,,,,,"Source-recorded four-coset action; the D8 type follows from its displayed presentation and kernel, not a newly run native census.","The faithful image of the history-phase action after its constant kernel is removed. Keep this image separate from the embedded <r,s> factor even where an isomorphism is available. The source explicitly records its four cosets and kernel.",Gamma_hist -> Perm(X); kernel K=<a>; |Gamma_hist/K|=8,"The order-eight image and the full sixteen-element actor group are not interchangeable. The D8 classification is read in the supplied four-phase action, not a new independent audit.","[""HISTORY_PHASE"", ""NATIVE_REPORT""]"
d8-face-blocks,Four-signed-block face permutation group,"[""D8"", ""D_8"", ""local_D8""]",finite permutation image family,Four signed blocks in a selected native face family,8,4,,,,,Source-recorded; original producer not re-executed in this sweep.,"The image of the order-eighty face stabilizer on its four signed blocks. Its order is eight, while the action kernel has order ten. This is the local block permutation group, not the entire face stabilizer.",Stab(f) -> Perm(B_f); image ~= D8; kernel=D5_f,Do not substitute the order-eight image for the order-ten kernel or the order-eighty ambient stabilizer.,"[""FACE"", ""D5_KERNEL"", ""FACE_SCOPE""]"
d8-selected-face-operators,Selected face complex/reflection operator group,"[""D8"", ""D_8""]",finite operator group,Native complex face fiber with J_F and the connection residual S1,8,,4,2,,,Source-recorded; original producer not re-executed in this sweep.,"The source explicitly calls <J_F,S1> the selected face operator D8. J_F supplies the complex quarter-turn and S1 is the residual anti-complex involution. The selected transport itself is not S1.","<J_F,S1>; J_F^2=-I, S1^2=I, S1 J_F S1=-J_F","No Aut(G60)-to-Pin, charge-center identity, physical gauge identification, or equivalence to the block-permutation action is supplied.","[""RESIDUAL"", ""REFLECTION""]"
d8-charge-center-locator,Charge-center dihedral comparison target,"[""D8"", ""D8_charge_center""]",source-locator-only group view,Charge-center construction referenced by the selected-face audit,,,,,,,Referenced comparison target only; insufficient data for an action identification.,"The source names a charge-center D8=<r,s> as the next comparison target. The defining charge-center action is not supplied by the retrieved packet. This entry prevents that target from being silently merged with the selected face group.","Named target: charge-center D8=<r,s>","Full domain, generator realization, kernel and comparison remain unresolved in this corpus.","[""RESIDUAL""]"
d8-section-square,Closure-section square-factor symmetry,"[""D8"", ""D_8""]",finite action factor,Four-state coordinate X4 in X12_sections ~= X3 x X4,8,4,,,,,Source-recorded; original producer not re-executed in this sweep.,"The specified square symmetry acting on the four-state section coordinate. It is one factor of the source-given H ~= S3 x D8 action on twelve sections, not automatically the full symmetry of a graph on twelve vertices.","(sigma,d)(s,q)=(sigma s,dq)","No equality with a rooted stabilizer, selected face-operator group, or phase-history factor is established by the 3 x 4 count.","[""OLDER_SECTION_SURFACE""]"
d8-surface-edges,Surface reference edge-transport group,"[""D8"", ""D_8""]",finite matrix transport group,Local primitive winding reference planes on the genus-21 surface,8,,2,,,,Source-recorded; original producer not re-executed in this sweep.,The square rotation/reflection group containing the edge transports of the surface reference connection. Its loop holonomy is only a V4 subgroup before lifting. Edge-value group and loop group are different views.,"D8=<J,S | J^4=S^2=1, SJS=J^-1>",Do not call every transport value an attained loop holonomy; unlifted loops do not supply an order-four return.,"[""SURFACE""]"
d8-lifted-holonomy,Dihedral lifted surface loop holonomy,"[""D8"", ""D_8"", ""Hol_plus""]",finite holonomy group,Reflection-square +1 central lift of the surface connection,8,,,,,,Source-recorded; original producer not re-executed in this sweep.,"The attained loop group in the plus lift, of order eight with profile 1:1,2:5,4:2. It is a lift of the unlifted V4 loop group, not the unlifted D8 edge-value group under another name.",q_tilde^2=z; Hol_plus ~= D8,"The comparator selects the extension type, not a particular one of the 2^42 gauge-inequivalent lifts or an elementwise native identification.","[""SURFACE""]"
q8-lifted-holonomy,Quaternionic alternative surface loop holonomy,"[""Q8"", ""Q_8"", ""Hol_minus""]",finite holonomy group,Reflection-square-central alternative lift,8,,,,,,Source-recorded; original producer not re-executed in this sweep.,"The other tested lift has loop group Q8, with profile 1:1,2:1,4:6. This is not another spelling of the dihedral branch and cannot represent its multiple reflection involutions.",Hol_minus ~= Q8,"Retain as an alternative construction excluded from a direct comparator-type match, not as a failed existence construction.","[""SURFACE""]"
surface-extension-plus,Reflection-involutory ambient double-cover extension,"[""D16_candidate"", ""central_cover_plus""]",group presentation,Ambient cover of the surface D8 edge-transport group,,,,,,,Source-given presentation; D16 is not asserted as the source label.,"The source specifies this group by generators and relations. Its attained loop subgroup is separately D8. The proposed name describes the presentation; a D16 spelling is only a search aid, not imported source terminology.","R^8=1, S^2=1, SRS=R^-1; projection kernel={1,R^4}",Do not confuse the ambient extension with its order-eight attained holonomy. No source-selected lift is unique.,"[""SURFACE""]"
surface-extension-minus,Reflection-square-central ambient double-cover extension,"[""Q16_candidate"", ""central_cover_minus""]",group presentation,Alternative ambient cover of surface edge transports,,,,,,,Source-given presentation; Q16 is not asserted as the source label.,The reflection squares to the central kernel element. The source tests this presentation separately; its attained holonomy is Q8. A Q16 lookup is editorial only.,"R^8=1, S^2=R^4, SRS=R^-1; kernel={1,R^4}",Do not collapse it with the involutory-reflection extension or either loop subgroup.,"[""SURFACE""]"
d5-history,Historical fivefold rotation-reflection register,"[""D5"", ""D_5""]",finite group presentation on a historical register,The historical fivefold object described in the integrated draft,10,,,,,,Source-recorded; original producer not re-executed in this sweep.,Two involutions generate a rotation of order five. Its role is fivefold history and harmonic structure. Here a and b are noncommuting reflection generators and must not be read as the commuting native deck involutions.,a^2=b^2=1; s=ab; s^5=1; ba=s^-1,"Order-ten historical D5 is not rooted order-eight D8, nor automatically the face realization kernel.","[""HISTORICAL_FIVEFOLD""]"
d5-face-kernel,Native face realization kernel,"[""D5"", ""D_5"", ""D5_f""]",kernel subgroup family,Order-eighty stabilizer of a selected four-block native face,10,,,,,,Source-recorded; original producer not re-executed in this sweep.,The automorphisms fixing every signed block of that face. Its order is ten and it is generated by a fivefold rotation and an inverting involution. The source makes this kernel family natural under face transport.,D5_f=ker(Stab(f)->Perm(B_f)); g D5_f g^-1=D5_(gf),"Not the four-block D8 image. The order-four kernel tested in failed Audit018C is a different layer, not this kernel.","[""D5_KERNEL"", ""FACE_SCOPE""]"
face-kernel-wrong-layer,Earlier order-four face action-kernel candidate,"[""D5_candidate"", ""Audit018C_kernel""]",rejected-identification view,The distinct action layer tested in Audit018C,4,,,,,,Source-recorded rejected identification; exact earlier action not fully recovered.,The archive says an order-four kernel was tested against the intended order-ten realization gauge and failed. Preserve the actual layer as an unresolved source-specific kernel rather than changing its label to D5.,Order reported: 4; intended D5 target order:10,Original failed test remains failed; do not infer a V4 or C4 group law merely from order four.,"[""FACE_SCOPE""]"
d10-decagon,Registered decagon setwise stabilizer,"[""D10"", ""D_10""]",finite subgroup family,Aut(G60) acting on one of the 24 registered ten-cycles,20,,,,,,Source-recorded; original producer not re-executed in this sweep.,"The source uses D10 for the full dihedral symmetry of a ten-cycle, explicitly order twenty. It acts faithfully on the ten cycle vertices and has trivial pointwise stabilizer.",Stab(C) ~= D10; ten rotations plus ten reflections,"D10 uses rotation-count notation here, while D8 elsewhere uses total-order notation. Always state order twenty.","[""DECAGON_STABILIZERS""]"
answering-pair-stabilizer,Lifted-decagon answering-pair stabilizer,"[""D10 x C2"", ""D_10 x C_2""]",finite subgroup family,Two lifted registered decagons above one quotient pentagon,40,,,,,,Source-recorded; original producer not re-executed in this sweep.,The order-forty setwise stabilizer includes the decagon symmetry and a commuting involution exchanging the two cycles. This C2 has an actual pair-exchange domain.,Stab(P_C) ~= D10 x C2,"Not Gamma_hist ~= D8 x C2; their orders, domains and generators differ.","[""DECAGON_STABILIZERS""]"
v4-native,Native free normal Klein deck register,"[""V4"", ""V_4"", ""V4_nat""]",embedded finite group,The 60-vertex native carrier,4,,,,,,Source-recorded; original producer not re-executed in this sweep.,"The native free normal action {1,a,b,ab} whose orbits are fifteen four-state chambers. Its three nonidentity elements are involutions. Native conjugation fixes a and exchanges b with ab through an index-two character.","a^2=b^2=1; ab=ba; V4={1,a,b,ab}","Not every group of four, not the noncommuting D5 reflections, and not a cyclic quarter-turn group.","[""ANALYZER"", ""CORE"", ""FP""]"
v4-voltage,Klein-valued quotient voltage label group,"[""V4"", ""V_4""]",coefficient group with voltage assignment,Oriented edges of the G15 quotient and their G60 lift,,,,,,,Source-recorded; original producer not re-executed in this sweep.,"The four-element group used to label quotient edges and accumulate deck holonomy. It can be explicitly identified with native deck elements in a supplied voltage chart, but the edge labeling is gauge dependent.",hol(gamma)=product of native V4 edge voltages,"Keep coefficient group, gauge-chosen voltage cochain, and actual deck permutation action as separate objects.","[""CORE"", ""BASE""]"
v4-root-projective,Rooted dihedral central quotient plane,"[""V4"", ""V_4""]",quotient group / projective comparison plane,D8_root/Z(D8_root),4,,,,,,Source-recorded; original producer not re-executed in this sweep.,"The commuting four-element quotient of a specified dihedral central extension. Its lifts retain nontrivial central commutators and square refinements, so the projective data are not encoded by the abstract V4 alone.","[U,V]=z^beta(u,v); U^2=z^q(u)",An abstract V4 isomorphism does not identify this quotient with native deck V4.,"[""HISTORICAL_FIVEFOLD""]"
v4-fp-kernel,Fiber-product parity-character Klein kernel,"[""V4"", ""V_4""]",kernel of a presentation character,D8 coordinate factor of the global fiber product,4,,,,,,Source-recorded; original producer not re-executed in this sweep.,"The kernel of chi(r,f)=r mod2 in the D8 model. Via the full explicit group isomorphism, this participates in the native kernel over S5; that map, not the number four, licenses comparison.","ker(chi)={(r,f): r is even}","Preserve the model-to-native isomorphism rather than treating literal r,f coordinates as native vertex labels.","[""FP""]"
v4-cover-center,Central Klein group of the common 120-cover,"[""V4"", ""V_4""]",center of graph automorphism group,Aut(K120) for the census common cover,4,,,,,,Source-recorded; original producer not re-executed in this sweep.,"The center {1,tau4,tau5,tau6} controls three central two-fold quotients. It is a different embedded Klein group from the named deck register downstairs.","Z(Aut(K120))={1,tau4,tau5,tau6}",All central elements remain fixed under conjugation in this ambient group; equal child size does not merge the quotient involutions.,"[""COVER""]"
v4-section-coordinate,Four-point square section coordinate,"[""V4"", ""V_4"", ""X4""]",structured finite set,The X4 factor in an explicitly chosen 3 x 4 closure-section presentation,,4,,,,,Source-recorded four-point factor; particular Klein identification unresolved.,"The retrieved section source specifies a four-point square coordinate X4 and a D8 action. It does not, in that passage, select a particular regular Klein translation subgroup on the four points. Preserve the coordinate as a set with square structure until the original coordinate registry supplies more.",Four-point factor X4; retain its section-coordinate bijection,"The identification of this coordinate with the native Klein deck labels, or with a particular V4 subgroup of the square symmetry, is not recovered here.","[""OLDER_SECTION_SURFACE"", ""BASE""]"
v4-kernel-coordinate,Binary translation coordinate of the rank-eight relational kernel,"[""V4"", ""V_4""]",finite additive coordinate group,X12_kernel=Z3 x F2^2,4,,,,,,Source-recorded; original producer not re-executed in this sweep.,"The normalized two-bit coordinate with named directions u=(1,0),v=(0,1). The source expressly says these are not new names for historical native deck permutations.",x -> x+t; t in F2^2,"Do not relabel u,v as a,b without a source-derived correspondence.","[""KERNEL""]"
v4-surface-holonomy,Unlifted surface winding-plane loop group,"[""V4"", ""V_4""]",finite matrix holonomy subgroup,The surface reference O(2) connection,4,,,,,,Source-recorded; original producer not re-executed in this sweep.,"The loop group {I,-I,Sprime,-Sprime} inside the edge-transport D8. It has no order-four element and must be distinguished from the lifted dihedral holonomy.","Hol={I,-I,Sprime,-Sprime}",Not the entire edge transport group or a chosen central lift.,"[""SURFACE""]"
v4-face-compatibility,Face semilinearity compatibility subgroup,"[""V4"", ""V_4""]",index-two operator subgroup,Local D8 face block representation 1+chi_face+E2,4,,,,,,Source-recorded; original producer not re-executed in this sweep.,The kernel of the mismatch character delta=chi_face*det_E2. Restricting to it reconciles scalar-plane and E2 conjugation behavior and supports the selected complex doublet structure.,ker(delta) <= D8; order4; preimage in Stab(face) has order40,Not the full face D8 image; the reduction and its preimage have different orders and roles.,"[""FACE""]"
v4-connection-gauge,Connection local gauge/transport ambiguity group,"[""V4"", ""V_4""]",local gauge action family,Four-state transports between declared face-phase objects,4,,,,,,Source-recorded; original producer not re-executed in this sweep.,"The connection checkpoint reports four local transports per edge forming a source/target V4 torsor. Pair and signed-event data reduce this ambiguity. The gauge group acts on transport choices, not as a new four-point history set.",Four transports -> pair-level residual C2 -> one selected local transport,Equal group type to the compatibility subgroup alone is not enough; use the source connection action to relate them.,"[""CONNECTION"", ""RESIDUAL""]"
v4-history-isotropy,Four-element registered-phase isotropy,"[""V4"", ""H0"", ""H1"", ""H2"", ""H3"", ""H_0"", ""H_1"", ""H_2"", ""H_3""]",isotropy subgroup family,Gamma_hist acting on its four cosets,4,,,,,,Source-recorded; original producer not re-executed in this sweep.,"H_k=<a,w_k> is the stabilizer of S_k. The family has period two despite the four-state phase period. Keep each embedded H_k and its quotient by K typed.",H_k=r^k H0 r^-k; w_k=r^(2(k mod2)) s z,Not homology H1; not the ordinary twelve-pentagon history space. The source identifies H_k/K as a group of order two.,"[""HISTORY_PHASE""]"
v4-relational-subgroup,Five-address relational Klein subgroup,"[""V4"", ""Vrel""]",finite subgroup reference,Double transpositions on four selected five-address points,,,,,,,Retained source-context distinction; full original subgroup specification outside this scan.,"The wider source notation distinguishes a five-address relational Klein register Vrel from the native deck register. This view is retained as a reference target, not identified with the local four-state deck merely because both are called V4.",Vrel is a separately named relation register; original embedding required.,The complete Vrel generator/domain source is not included in the fully scanned current packet. Recover it before promoting an embedded-subgroup identity.,"[""CORE""]"
binary-field,Two-element scalar field,"[""F2"", ""F_2"", ""\\mathbb F_2""]",coefficient field,"Binary cochains, signs and normalized coordinates",,2,,,,,Source-recorded; original producer not re-executed in this sweep.,"F2 is a scalar field, not the forward relation F_2, a frame action or a signed outcome. Its additive group has order two, but changing codomain type still matters.",0+1=1; 1+1=0 in F2,Identifying additive scalar groups does not identify their native actions.,"[""KERNEL"", ""WINDING""]"
c2-register-parity,Native register-orientation quotient action,"[""C2"", ""C_2""]",quotient group/action,"Conjugation of Aut(G60) on {b,ab}",2,,,,,,Source-recorded; original producer not re-executed in this sweep.,The two-element image fixes a and either fixes or exchanges b and ab. The map has a kernel of order 240. It is not the central sign in every double cover.,epsilon:Aut(G60)->C2,Do not infer a one-leg correlation sign change from this parity alone.,"[""ANALYZER"", ""CORE""]"
c2-root-center,Rooted-comparator central subgroup,"[""C2"", ""C_2"", ""z_F""]",central subgroup family,The selected G60 root stabilizer,2,,,,,,Source-recorded; original producer not re-executed in this sweep.,"The center generated by the square of an odd rooted comparator. Its nontrivial native permutation fixes the four vertices of one Klein fiber, unlike the fixed-point-free global deck center.",<z_F>; z_F^2=I; Fix(z_F) has four native vertices,"This is not the global a-deck involution, nor the BR exchange fixing six vertices.","[""MM""]"
c2-native-double-deck,Native G60-to-G30 central deck subgroup,"[""C2"", ""C_2"", ""a_deck""]",embedded deck subgroup,G60 -> original G30,2,,,,,,Source-recorded; original producer not re-executed in this sweep.,"The order-two group generated by the named fixed-point-free central a. It is the kernel of the original two-fold covering, not a root stabilizer center.",G30=G60/<a>,Native a fixes no G60 vertices; rooted z_F fixes four.,"[""ANALYZER"", ""CORE""]"
c2-cover-extra,Canonical-double extra sheet deck,"[""C2"", ""C_2"", ""kappa""]",deck subgroup,K120 -> G60 in the chosen common-cover chart,2,,,,,,Source-recorded; original producer not re-executed in this sweep.,"The extra two-sheet flip in K120 represented as (x,e)->(x,e+1). It enters the composite free C2^3 deck but is not automatically the lower native a.","kappa(x,e)=(x,e+1)","Its role is the extra canonical-double cover coordinate, not a fresh branch choice at each event.","[""COVER""]"
c2-history-kernel,Constant kernel of the four-phase history action,"[""C2"", ""C_2"", ""K_hist_action""]",central kernel subgroup,Gamma_hist -> Perm(Gamma_hist/H0),2,,,,,,Source-recorded; original producer not re-executed in this sweep.,"K=<a>, with a=r^2 z and supplied cache indices {0,326}. This K is a group, not the golden history matrix K_hist or local G1800 operator K.",K=<a>; a=r^2 z; |K|=2,Retain the ambient group and map; the subscripted matrix K_hist is a different object.,"[""HISTORY_PHASE""]"
c2-history-extra,Extra central factor of Gamma_hist,"[""C2"", ""C_2"", ""z_hist""]",direct-product factor,"Gamma_hist=<r,s> x <z>",2,,,,,,Source-recorded; original producer not re-executed in this sweep.,"The factor generated by z=cache[324] in the supplied phase presentation. It is not automatically K=<r^2z>, even though both are central involutory subgroups.","<z>; z^2=I; [z,r]=[z,s]=I",Same order and centrality do not identify distinct subgroups.,"[""HISTORY_PHASE""]"
c2-history-word,Phase-isotropy word-exchange quotient,"[""C2"", ""C_2"", ""H_k/K""]",quotient group family,H_k/K at each declared phase coset,2,,,,,,Source-recorded; original producer not re-executed in this sweep.,The source gives an order-two quotient whose nonidentity element is interpreted as a word exchange. This quotient has a distinguished identity; it is not just an unmarked two-element torsor.,H_k / K,"An actual map to original history states {2,3} is still required.","[""HISTORY_PHASE""]"
c2-axis-central,Central global sign in the signed-axis extension,"[""C2"", ""C_2"", ""I6"", ""-I6""]",central operator subgroup,A_e={+/-M_g} within one conference sector,2,,,,,,Source-recorded; original producer not re-executed in this sweep.,"The central pair {I6,-I6} of the order-120 split signed extension. It reverses every vector in a chosen three-dimensional conference eigenspace, unlike central spinor -I2 whose conjugation on observables is trivial.",1->C2->A_e->A5->1,Not the analyzer-sector flip or automatic physical axis inversion.,"[""SIGNED_AXIS""]"
c2-analyzer-sector,Analyzer-sector exchange quotient,"[""C2"", ""C_2""]",quotient action,G_sec ~= S5 with sector-preserving subgroup A5,2,,,,,,Source-recorded; original producer not re-executed in this sweep.,This C2 records preserving versus exchanging the two conference sectors. The total sector group has trivial center; this character is not the central sign in A_e.,1->A5->G_sec->C2->1,A_e and G_sec both have order120 but are nonisomorphic.,"[""SIGNED_AXIS""]"
c2-phase-residual,Pair-registration connection residual,"[""C2"", ""C_2""]",residual action on a transport torsor,"{T,S1 T} before signed-event selection",2,,,,,,Source-recorded; original producer not re-executed in this sweep.,"The last two-fold ambiguity after pair-level event registration. Its generator is S1; the signed event picks a member. The group, torsor, generator and selected member are distinct records.","{T,S1*T}; residual generator S1","Not the actual selected transport, and not the global history2/3 alphabet.","[""RESIDUAL"", ""CONNECTION""]"
c2-threefold-deck,Composite elementary-abelian eight-fold deck group,"[""C2^3"", ""C_2^3""]",deck group,K120 -> G15 composite covering,8,,,,,,Source-recorded; original producer not re-executed in this sweep.,The free order-eight action generated by the native four-fold deck lifts and the canonical-double sheet flip. All nonidentity elements are involutions.,"<a_tilde,b_tilde,kappa> ~= C2 x C2 x C2","Not cyclic C8, rooted D8, history D8, or a three-element C3 group.","[""COVER""]"
c3-mode,Registered event-frame cyclic phase action,"[""C3"", ""C_3"", ""C_evt""]",cyclic action,Six registered event frames with Mode reversal,3,,,,,,Source-recorded; original producer not re-executed in this sweep.,The phase operator of order three in the specified event-frame model. Together with the involutory Mode action it realizes S3 on that domain.,C_evt^3=M_evt^2=I; M_evt C_evt M_evt=C_evt^-1,Not automatically the three-cell shift in X12_kernel or a clock winding.,"[""MODE""]"
c3-kernel,Three-cell cyclic shift in the relational kernel,"[""C3"", ""C_3"", ""Z3"", ""Z_3""]",cyclic coordinate/action,The i coordinate of X12_kernel=Z3 x F2^2,3,,,,,,Source-recorded; original producer not re-executed in this sweep.,"The cyclic order of the three cells. It preserves forward/reverse relation naming in the color automorphism group; the position coordinate is a residue, not a historical event.",i -> i+1 mod3,Same C3 type as event phase is not an event-Mode intertwiner.,"[""KERNEL""]"
c3-section,Closure three-section rotation subgroup,"[""C3"", ""C_3""]",cyclic subgroup,S3 acting on the three-state closure factor X3,3,,,,,,Source-recorded; original producer not re-executed in this sweep.,"The order-three rotations of the section-coordinate action. The full factor also contains reversals. A cyclic order is a presentation choice, not an absolute time direction.",C3 <= Sym(X3) ~= S3,No equality with event C_evt or companion monodromy rotation has been supplied.,"[""OLDER_SECTION_SURFACE""]"
c4-native-exchange,Selected native exchange cyclic subgroup,"[""C4"", ""C_4""]",cyclic subgroup,<g> in the supplied Aut(G60) cache,4,,,,,,Source-recorded; original producer not re-executed in this sweep.,"The selected order-four native action with g=cache[3], g^2=cache[2] and inverse cache[5]. This same selected element occurs in the declared phase-group construction, but its other representations remain separate views.","g^4=I; g^2=r1_native; powers indices [0,3,2,5]",Not G1800 K without a carrier map; r1_native is not primitive homology class r1.,"[""HISTORY_PHASE"", ""CARTAN"", ""BUNDLE""]"
c4-g1800,Registered G1800 quarter-turn subgroup,"[""C4"", ""C_4"", ""K_1800""]",cyclic permutation group,One ordered registration of a native G1800 product quotient,4,,,,,,Source-recorded; original producer not re-executed in this sweep.,"The group generated by the specific K_1800 action. Its square is Delta_1800, and each free orbit contains four native states.",K_1800^4=I; K_1800^2=Delta_1800,Not the native Klein register or a C4 graph-census code.,"[""FRAMES""]"
c4-face-complex,Face complex-quarter-turn subgroup,"[""C4"", ""C_4"", ""J_F""]",cyclic operator group,Chosen face complex structure on a four-real-dimensional fiber,4,,4,,,,Source-recorded; original producer not re-executed in this sweep.,"The powers of the selected orthogonal complex structure J_F, for which J_F^2=-I. Its inclusion in <J_F,S1> is an operator-group statement.",<J_F>; J_F^2=-I4,Not the selected cache element g unless an admitted representation identifies their actions.,"[""FACE"", ""RESIDUAL""]"
c4-history-companion,Registered-decagon companion cyclic action,"[""C4"", ""C_4"", ""history24""]",cyclic subgroup family,Companion actions generated using BR-related involutions,4,,,,,,Source-reported companion family; original action tables not replayed.,"The integrated draft distinguishes order-four companions built from BR-related involutions from rooted comparators. The displayed companion square is the global native a, whereas the rooted comparator square fixes four vertices. This archive preserves that contrast without identifying all members of the companion family.",(b j)^2=(ab j)^2=a; (b j)^-1=ab j,The original companion action table is not rerun or fully reproduced. A matching order-four presentation is insufficient for a rooted-comparator identification.,"[""MACRO_EXCERPT"", ""MM""]"
c5-history,Fivefold rotation subgroup of the historical D5 register,"[""C5"", ""C_5""]",cyclic subgroup,"Historical D5=<a,b> with s=ab",5,,,,,,Source-recorded; original producer not re-executed in this sweep.,The rotation subgroup carrying the historical fivefold contrast polynomial. It is not obtained by simply taking ab of the native commuting Klein pair.,<s>; s=ab; s^5=I,Same polynomial as a frame contrast does not identify native state actions.,"[""HISTORICAL_FIVEFOLD""]"
c5-analyzer,Analyzer Sylow-five subgroup family,"[""C5"", ""C_5""]",subgroup family / axis index,Six Sylow-5 subgroups in the S5 quotient action,5,,,,,,Source-recorded; original producer not re-executed in this sweep.,The six subgroup objects provide analyzer axes via order-five averaging on specified native modes. Each cyclic subgroup is a group; their six-member family is a different set.,Pi_i=(1/5) sum_(g in C5_i) U_g P,Do not identify the six-axis index set with five frame labels.,"[""ANALYZER"", ""CONF_ACTION""]"
c5-frame,Pure five-frame shift action,"[""C5"", ""C_5"", ""S_frame""]",cyclic permutation action,Five registered frame copies of G1800,5,,,,,,Source-recorded; original producer not re-executed in this sweep.,The pure frame-coordinate shift separated from the combined registered step. The historical reconstructed coordinate chart supports the definition; physical or unrestricted native-dynamics admission remains separate.,"S_frame(f,x)=(f+1,x); S_frame^5=I; F_reg=S_frame K_1800",Preserve conditional native/admissibility status from the archive. Not the analyzer-axis C5.,"[""FRAMES"", ""CHAT""]"
c10-native,Native decagonal macro-transport subgroup,"[""C10"", ""C_10""]",cyclic subgroup,Native G60 macro-history transport T10,10,,,,,,"Source/context-reported macro action; five-axis quotient data available, full original actor not replayed.",The cyclic subgroup generated by the independently named native T10 macro transport. The inherited law T10^5=b and the nontrivial involution b give the reported decagonal action. The subgroup is not the generating element and is not the C20 frame group.,<T10> ~= C10; T10^5=b; T10^10=I,"The T10 full-permutation law is retained from earlier source context; this sweep does not reconstruct it. T10 is a selected actor name, not group order notation by itself.","[""MACRO_EXCERPT"", ""CONF_ACTION"", ""CORE""]"
c20-registered,Registered twenty-step frame-history action,"[""C20"", ""C_20"", ""F_reg""]",cyclic action,Each free orbit of the registered G9000 action,20,,,,,,Source-recorded; original producer not re-executed in this sweep.,"The full registered action has order twenty, combining mod5 frame and mod4 internal residue. This does not make it an automorphism of one bare G1800 graph.",F_reg^5=K_1800; F_reg^20=I; 450 free20-cycles,Retain the registered groupoid and its frame maps; not an SI clock.,"[""FRAMES""]"
s3-abstract-klein,Abstract Klein automorphism triality,"[""S3"", ""S_3""]",abstract automorphism group,Aut(V4_abstract),6,,,,,,Source-recorded; original producer not re-executed in this sweep.,"The permutations of three nonidentity elements of an abstract Klein group. This full type is not realized by native G60 conjugation on its named deck triple, whose image is only C2.",Aut(V4_abstract) ~= S3,Do not upgrade abstract automorphisms to native admitted symmetries.,"[""CORE"", ""ANALYZER""]"
s3-mode,Event phase-Mode permutation action,"[""S3"", ""S_3""]",finite action,The six registered event frames,6,,,,,,Source-recorded; original producer not re-executed in this sweep.,"The specified order-three phase and reversal give the six-element action described in the Mode section. It remains a finite action on event frames, not a universal physical time symmetry.","<C_evt,M_evt>; M_evt C_evt M_evt=C_evt^-1",Distinct from companion three-cover monodromy and abstract Klein triality.,"[""MODE""]"
s3-section,Three-section factor permutation symmetry,"[""S3"", ""S_3""]",action factor,X3 in the twelve-section closure surface,6,3,,,,,Source-recorded; original producer not re-executed in this sweep.,The full three-point factor symmetry supplied in the X3 x X4 presentation. It permutes closure-section coordinates and participates in the S3 x D8 product action.,Sym(X3) ~= S3,An isomorphic event-phase action does not imply identical section objects.,"[""OLDER_SECTION_SURFACE""]"
s3-monodromy,Companion three-cover monodromy action,"[""S3"", ""S_3""]",quotient/monodromy action,Three-cover companion construction in the infrared manuscript,6,,,,,,Source-recorded; original producer not re-executed in this sweep.,"The six-element monodromy giving a real regular representation and protected real-rank4 E-isotypic sector. The source places this below a 720-element companion group, not the native order480 group.",R[S3]=1+1prime+E+E; E-isotypic real rank4,No arbitrary microscopic G60/G1800 transport factoring through it is claimed.,"[""COMPANION_TRIALITY""]"
s5-native-quotient,Native five-address quotient symmetry,"[""S5"", ""S_5"", ""s5""]",quotient group/action,Aut(G60)/V4_nat on the canonical five-address register,120,5,,,,,Source-recorded; original producer not re-executed in this sweep.,"The faithful quotient factor used throughout the native symmetry architecture. Its induced actions on five addresses, six Sylow-five axes and other domains must be named independently.",1->V4_nat->Aut(G60)->S5->1,"The abstract group is shared; action spaces of sizes5,6,12,15 are not thereby identical.","[""FP"", ""CONF_ACTION"", ""COVER""]"
s5-six-axes,Six-Sylow-axis quotient permutation action,"[""S5"", ""S_5""]",permutation representation,Six intrinsic Sylow-five subgroup objects,120,6,,,,,Source-recorded; original producer not re-executed in this sweep.,"The quotient acts by subgroup conjugation, giving the six-axis permutation action used in the conference comparison. It is the same quotient group with a different domain.",g:C5_i -> g C5_i g^-1,Preserve the specific axis relabeling and signed lift separately.,"[""CONF_ACTION""]"
s5-analyzer-sectors,Two-sector projective analyzer symmetry,"[""S5"", ""S_5"", ""G_sec""]",finite projective symmetry group,Two conference sectors with signed switchings,120,,,,,,Source-recorded; original producer not re-executed in this sweep.,The sector group of order120 with an index-two A5 sector-preserving subgroup. Its center is trivial; source comparison to native face actions is not a selected operator binding.,G_sec ~= S5; M C M^T=+/-C,Not the order120 signed within-sector extension A5 x C2.,"[""SIGNED_AXIS""]"
a5-axis-base,Within-sector projective analyzer base group,"[""A5"", ""A_5""]",finite projective action,One six-axis conference sector,60,,,,,,Source-recorded; original producer not re-executed in this sweep.,The sixty within-sector switchings form the source base group A5. A section into signed matrices may initially have a global sign factor set; the source rephases that section.,60 switchings; signed extension A_e ~= A5 x C2,This A5 action is not a 60-vertex G60 carrier.,"[""SIGNED_AXIS""]"
signed-axis-extension,Split within-sector signed-axis extension,"[""A5 x C2"", ""A_e"", ""A_tilde""]",finite matrix group,Six signed analyzer coordinates / either rank-three eigenspace,120,,,,,,Source-recorded; original producer not re-executed in this sweep.,The doubled group of signed matrices {+/-M_g}; source rephasing shows a split extension with central global reversal.,1->C2->A_e->A5->1; A_e ~= A5 x C2,"Not G_sec, the common-cover graph, or the 120 bare face incidences.","[""SIGNED_AXIS""]"
a4-kernel-color,Tetrahedral factor in kernel color symmetry,"[""A4"", ""A_4""]",semidirect-product action factor,Even-parity binary translations and three-cell rotation in X12_kernel,12,,,,,,Source-recorded; original producer not re-executed in this sweep.,"The normalized kernel calculation splits the shift kernel into a diagonal line and a two-dimensional even-parity plane. The plane plus rotation gives V4 semidirect C3, identified as A4.",V4_even semidirect C3 ~= A4,Not a raw adjacency A4 move operator or generic fourth indexed observable.,"[""KERNEL""]"
kernel-color-group,Rank-eight kernel color-preserving group,"[""C2 x A4"", ""C2"", ""A4""]",finite automorphism group,The eight colored relations on X12_kernel,24,12,,,,,Source-recorded; original producer not re-executed in this sweep.,"The order24 color group, acting transitively on12points with point stabilizer2. It is smaller than the full fused graph group, because it retains relation colors.","(i,x)->(i+r,x+(b_(i+1),b_i)); r in Z3,b in F2^3",Do not identify the full fused symmetry with the color group.,"[""KERNEL""]"
a3-mode-subgroup,Alternating three-frame phase subgroup,"[""A3"", ""A_3""]",cyclic subgroup view,Even permutations in the specified event S3 action,3,,,,,,Source-recorded; original producer not re-executed in this sweep.,"A3 is the alternating subgroup of the event-frame S3; where the phase generator is specified, it is that order-three cyclic subgroup.",A3=<C_evt> within the declared event action,Not the A3 root-system comparison target or fused distance-three adjacency.,"[""MODE""]"
a3-root-target,A3 outer-root-reversal comparison target,"[""A3"", ""A_3""]",referenced root-system operation,Higher four-complex-dimensional/Weyl comparison mentioned in the reflection audit,,,,,,,"Unresolved comparison target, not a certified operator.",The selected antiunitary audit explicitly lists an A3 outer root reversal as a separate target not derived there. The spelling does not mean the order-three alternating group.,No full C^4 A3 outer operator derived in 201H67B,"Keep as a named target; no matrix, root embedding or identification is supplied.","[""REFLECTION""]"
g60-native,Thalion native graph carrier,"[""G60"", ""G_60"", ""AT4val[60,6]""]",finite graph,Native60vertex graph,,60,,,,,Source-recorded; original producer not re-executed in this sweep.,"The quartic carrier at the center of the inherited work. The label G60 names its vertices and edges, not its automorphism group, vector space dimension in every representation, or a general arbitrary60state model.","G60=AT4val[60,6]; 60 vertices,120 edges",The 480-element symmetry group and the 60-element analyzer base group are different objects.,"[""EPR"", ""COVER"", ""ANALYZER""]"
g30-original,Original native central-deck quotient graph,"[""G30"", ""G_30""]",finite quotient graph,G60/<a> in the inherited native tower,,30,,,,,Source-recorded; original producer not re-executed in this sweep.,"The named two-fold quotient in the original tower, identified in the manuscript as L(Dodecahedron). The cover-family intermediate Q30 is not this graph.",G30=G60/<a>; original G30=L(Dodecahedron),Same thirty-vertex count as Q30 is not identity.,"[""COVER"", ""CORE""]"
g15-native,Native Klein quotient / Petersen line graph,"[""G15"", ""G_15""]",finite quotient graph,G60/V4_nat,,15,,,,,Source-recorded; original producer not re-executed in this sweep.,"The fifteen-chamber quotient with thirty edges, identified as the Petersen line graph. Its vertices can be represented as Petersen edges using the declared isomorphism.",G15 ~= L(Petersen),Quotient-visible relations need not retain all native lifted signs.,"[""EPR"", ""COVER""]"
q30-family,Common cover-family thirty-vertex intermediate,"[""Q30"", ""Q_30""]",finite graph,Common AT4val-family cover diagram,,30,,,,,Source-recorded; original producer not re-executed in this sweep.,The family intermediate identified as L(CDC(Petersen)). The source expressly distinguishes it from original G30.,Q30=L(CDC(Petersen)),No consolidation with G30 merely through shared size or tetravalency.,"[""COVER""]"
k120-common-cover,Common AT4val-family bipartite cover graph,"[""K120"", ""K_120"", ""mathsfK120"", ""C4[120,38]""]",finite graph,Census family comparison of the three sixty-vertex children,,120,,,,,Source-recorded; original producer not re-executed in this sweep.,"The custom named common cover K120 has120vertices240edges and is represented by census C4[120,38]. It is not the complete graph on120vertices.","K120=CDC(G60) in the stated chart; census C4[120,38]",Never expand this custom K120 to complete-graph notation K_n. Also distinguish the unresolved 201EZ K120 group-locator label.,"[""COVER"", ""CENSUS_REPORT""]"
g-family-4,Sixty-vertex census-family child 4,"[""G4"", ""G_4"", ""AT4val[60,4]""]",finite graph,Quotient K120/<tau_4>,,60,,,,,Source-recorded; original producer not re-executed in this sweep.,"The subscript 4 identifies a census-family child, not the number of vertices. All three children here have sixty vertices. Its quotient involution and census identity are retained separately.",G_4=K120/<tau_4>,Distinct central quotient involutions are not conjugated into each other by the same cover automorphism group.,"[""COVER"", ""CENSUS_REPORT""]"
g-family-5,Sixty-vertex census-family child 5,"[""G5"", ""G_5"", ""AT4val[60,5]""]",finite graph,Quotient K120/<tau_5>,,60,,,,,Source-recorded; original producer not re-executed in this sweep.,"The subscript 5 identifies a census-family child, not the number of vertices. All three children here have sixty vertices. Its quotient involution and census identity are retained separately.",G_5=K120/<tau_5>,Distinct central quotient involutions are not conjugated into each other by the same cover automorphism group.,"[""COVER"", ""CENSUS_REPORT""]"
g-family-6,Sixty-vertex census-family child 6,"[""G6"", ""G_6"", ""AT4val[60,6]""]",finite graph,Quotient K120/<tau_6>,,60,,,,,Source-recorded; original producer not re-executed in this sweep.,"The subscript 6 identifies a census-family child, not the number of vertices. All three children here have sixty vertices. The source identifies child6 with the native G60 graph.",G_6=K120/<tau_6>,Distinct central quotient involutions are not conjugated into each other by the same cover automorphism group.,"[""COVER"", ""CENSUS_REPORT""]"
g1800-family,Registered two-factor native product quotient family,"[""G1800"", ""G_1800"", ""Y1800""]",finite graph family,"(G60 square G60)/diag<d>, with d and ordered registration declared",,1800,,,,,Source-recorded; original producer not re-executed in this sweep.,There are three native quotient kernels and six ordered axis registrations in the retained construction. The label names a family unless the kernel and register are supplied. It is not an operator K or its900state shadow.,"Y_d=(G60 square G60)/diag<d>; d in {a,b,ab}","Record the quotient fibers, kernel, native labeling and ordered registration for every selected instance.","[""FRAMES"", ""EPR""]"
g900-associated,Associated Delta quotient of a registered G1800 carrier,"[""G900"", ""G_900""]",finite quotient graph family,G1800/<Delta_1800> for the declared registration,,900,,,,,Source-recorded; original producer not re-executed in this sweep.,The associated900state graph obtained from the free involution. Its relationship to other historical G900 registry/viewer objects requires their exact body/source mapping; the count is not enough.,q(x)=q(Delta_1800 x),Not the sending receipt delta_e or an automatically universal G900 across all project versions.,"[""FRAMES"", ""CORE""]"
g9000-registered,Registered five-frame native groupoid carrier,"[""G9000"", ""G_9000""]",registered finite groupoid state set,Five transported G1800 frames,,9000,,,,,Source-recorded; original producer not re-executed in this sweep.,"The9000states consist of five1800state frames. Four transport choices and six axis registrations give24raw arrays, not24timesmore state capacity. Native coordinate trivialization makes inter-frame comparisons explicit.","F_reg(f,x)=(f+1,K_1800 x)","Not one canonical unlabeled9000vertex graph, nor five of the six analyzer axes.","[""FRAMES""]"
x12-sections,Twelve-section closure surface state set,"[""X12"", ""X_12"", ""X3 x X4""]",structured finite set,Original registered closure-section construction,,12,,,,,Source-recorded; original producer not re-executed in this sweep.,A source-supplied3by4set with a specified S3 x D8 action and a K12-minus-matching section graph. Its incidence/cochain structure is part of its view.,X12_sections ~= X3 x X4,"Not automatically the normalized relational-kernel points, twelve pentagon generators, twelve phase pairs or a twelve-dimensional module.","[""OLDER_SECTION_SURFACE""]"
x12-kernel,Twelve-point normalized relational-kernel carrier,"[""X12"", ""X_12"", ""Z3 x V4""]",structured finite set,Normalized rank-eight coherent configuration,,12,,,,,Source-recorded; original producer not re-executed in this sweep.,"The12points(i,x1,x2) carry eight specified relations. Its normalized coordinate description is the source for the noncommuting adjacency algebra and the icosahedral fusion.",X12_kernel=Z3 x F2^2,A common size and3x4factorization do not by themselves identify the earlier closure surface.,"[""KERNEL""]"
twelve-pair-descriptors,Twelve directed-pair descriptor bins,"[""X12_descriptor"", ""3x2x2""]",partition of pairs,Cross-cell ordered pairs of X12_kernel,,,,,,,Source-recorded; original producer not re-executed in this sweep.,"Each descriptor(i,forward/reverse,c) bins eight ordered pairs. There are12bins and96cross-cellpairs. These are not12additional point states.",12 bins x8 pairs=96 cross-cellpairs; plus48within-cellpairs=144,Keep pair bins distinct from point sets and spectral dimensions.,"[""KERNEL""]"
twelve-face-phases,Twelve face/relative-orientation objects,"[""phase_state_count_12"", ""12_phase_objects"", ""6K2_domain"", ""S12""]",structured finite set,Six native faces times two relative-complex-orientation states,,12,,,,,Source-recorded; original producer not re-executed in this sweep.,"The face gauge-envelope construction has12objects, with a native action and stabilizer40. The same-face phase-flip relation is6K2; other orbitals are twoK6 and a crown.","6 faces x2phasechoices; suborbit profile[1,1,5,5]",This is not the four cosets of Gamma_hist or the twelve-pentagon cycle space.,"[""CONNECTION"", ""FACE""]"
six-k2,Six same-face phase-flip edges,"[""6K2"", ""6K_2""]",finite orbital graph,The twelve face/relative-orientation objects,,12,,,,,Source-recorded; original producer not re-executed in this sweep.,"Six disjoint two-vertex complete graphs, one for each same-face phase flip. This is the connection domain selected in the source, not a group named6K2.",6K2 = disjoint union of six K2,Source selects local transports here; crown and same-phase connection choices remain separately open.,"[""CONNECTION""]"
two-k6,Same-phase complete-component orbital,"[""2K6"", ""2K_6""]",finite orbital graph,"Twelve face/phase objects, grouped by phase",,12,,,,,Source-recorded; original producer not re-executed in this sweep.,The union of two complete six-vertex components representing same-phase adjacency. It is not the same-face6K2relation and does not inherit its selected connection automatically.,2K6,The source explicitly leaves the twoK6connection unselected.,"[""CONNECTION""]"
face-crown,Opposite-phase different-face crown orbital,"[""K6,6-M6"", ""K_{6,6}-M_6"", ""M6""]",finite orbital graph,Twelve face/phase objects,,12,,,,,Source-recorded; original producer not re-executed in this sweep.,"The opposite-phase crown: complete bipartite six-by-six with the same-face matching removed. M6 means the matching in this expression, not a six-dimensional matrix algebra.","K6,6 minus a six-edge perfect matching",An isomorphic crown appears as support of the history operator; no domain map follows from graph isomorphism alone.,"[""CONNECTION""]"
history-crown,Registered-pentagon conference support graph,"[""crown12"", ""K6,6-M6""]",support graph of a matrix,Twelve registered pentagon coefficient generators,,12,,,,,Source-recorded; original producer not re-executed in this sweep.,The nonzero pattern of K_hist is a connected crown graph. Its bipartition is the six b versus six ab generators. Signs and Gram values add information beyond this graph.,Support(K_hist);12vertices30edgesdegree5,Not identical to the face-phase crown orbital absent a map between its vertices.,"[""HIST""]"
k4-matching,Four-point complete graph used for local pairings,"[""K4"", ""K_4""]",comparison graph,Four elements of a local Klein cell,,4,,,,,Source-recorded; original producer not re-executed in this sweep.,"The three nonidentity Klein translations correspond to the three perfect matchings of K4. The complete graph is a representation of pairings, not itself the V4 action group.",Three perfect matchings of K4,Not quaternionic generator K4 or a census catalogue code.,"[""BASE"", ""CORE""]"
k12-complete-parent,Complete twelve-point graph used as a section-graph parent,"[""K12"", ""K_12""]",graph notation,Parent in K12 minus perfect matching,,12,,,,,Source-recorded; original producer not re-executed in this sweep.,"The section source uses complete-graph notation here, unlike custom K120. The actual section graph removes a matching, so the complete parent and the section graph are distinct objects.",Section graph = K12 - perfect matching,Do not parse every K followed by a number as this family; K120 is custom.,"[""OLDER_SECTION_SURFACE""]"
prism-support,Minimal binary-support hexagonal prism graph,"[""C6 square K2"", ""C_6 square K_2""]",finite graph,Weight-eighteen binary support in the section closure discussion,,12,,,,,Source-referenced support graph; exact original support source not reproduced.,"The integrated draft refers to two minimum-weight binary supports, each isomorphic to a hexagonal prism. In this graph expression C6 is the six-cycle graph and K2 the two-vertex complete graph, not selected cyclic group actions.","C6 square K2, twelve vertices and eighteen edges",The original support certificate is not rerun. Preserve the graph/encoding map rather than merging this C6 with a phase group.,"[""MACRO_EXCERPT""]"
census-c4,C4 tetravalent census catalogue prefix,"[""C4[120,38]"", ""C4[60,4]"", ""C4""]",catalogue namespace,Census identifiers for graphs,,,,,,,Naming/type convention from source catalogue usage.,C4 in a bracketed census identifier is part of the catalogue name. The bracket arguments and linked graph determine the object. It is not a four-element cyclic group.,"C4[n,index]","Never normalize catalogue C4[n,i] into group C_4.","[""COVER""]"
k120-group-locator,201EZ order-120 classification locator,"[""K120""]",unresolved source-linked label,Referenced project41_K120_C2xA5_classification_receipt_201ez,,,,,,,Source-locator-only; no object identity assigned.,The face-field checkpoint refers to a K120 classification with C2xA5 in its filename. The full 201EZ payload is not in the recovered source corpus. Retain a separate locator bin rather than silently identify it with the common-cover graph or signed-axis group.,Source key K120_classification -> ...201ez.v1.json,"Exact referent, action and identity with any120element group require the missing source.","[""FACE""]"
frame-contrast,Five-frame golden contrast operator,"[""K5"", ""K_5""]",linear operator,Nontrivial frame harmonics of the registered G9000 carrier,,,,,,,Exact algebra conditional on declared S; native/current-to-history binding open.,"The contrast polynomial in the pure frame shift. Its square is5times the event projector, not5I on the whole9000space.",K5_frame=S+S^-1-S^2-S^-2; K5_frame^2=5P_evt,Candidate native bridge remains open; not the historical-register contrast by state identity.,"[""CHAT"", ""CORE""]"
history-fivefold-contrast,Historical-register golden contrast operator,"[""K5"", ""K_5""]",linear operator,Representation of the historical D5 rotation s,,,,,,,Source-recorded; original producer not re-executed in this sweep.,"The same formal group-ring expression evaluated in the historical fivefold representation. Sharing the polynomial with the frame operator yields an algebraic template, not a native carrier identification.",K5_history=s+s^-1-s^2-s^-2,Keep distinct until the historical s and frame S have an explicit compatible action map.,"[""HISTORICAL_FIVEFOLD""]"
frame-difference,Real five-frame oriented difference operator,"[""D5"", ""D_5""]",real linear operator,R^1800 tensor R[C5] in the frame proposal,,,,,,,Conditional frame-algebra construction.,The skew-symmetric difference of forward and inverse pure frame shifts. Its kernel is the common frame mode; it is not a dihedral group.,D5_frame=S-S^-1; D5_frame^T=-D5_frame,Not operational information current merely because the archive calls it a current. A norm-square readout still needs its own measure/instrument justification.,"[""CHAT"", ""CORE""]"
frame-hermitian-current,Hermitian five-frame current operator,"[""H5"", ""H_5""]",complex linear operator,Complexification of the five-frame carrier,,,,,,,Conditional frame-algebra construction.,"The operator iD5, self-adjoint in the declared complexification. Complexification resolves current-sign character modes without changing the real Gram norm.",H5_frame=i(S-S^-1); H5_frame^2=D5_frame^T D5_frame,Not H5 as a fifth isotropy subgroup or a five-dimensional history.,"[""CHAT"", ""CORE""]"
frame-golden-involution,Normalized five-frame golden involution,"[""J5"", ""J_5""]",linear operator,Event subspace only,,,,,,,Conditional frame-algebra construction.,The contrast divided by sqrt5. It squares to the event projector on the full carrier and to identity only after restriction.,J5=K5/sqrt5; J5^2=P_evt,"Not the skew complex structure J_F, whose square is -I.","[""CHAT"", ""CORE""]"
frame-current-sign,Five-frame conjugate-mode sign observable,"[""R5"", ""R_5""]",spectral sign operator,Complex event harmonics,,,,,,,Conditional spectral construction; native outcome readout open.,"The sign of H5 distinguishes the two complex-conjugate modes within each golden sector. It commutes with J5. Defining it on the zero mode requires a separate convention, so its stated domain is the event sector.",R5=sgn(H5); R5^2=P_evt,Not real5space R^5; not the reverse relation family R_c.,"[""CHAT"", ""CORE""]"
frame-multiplier,Five-frame index-doubling permutation,"[""U2"", ""U_2""]",coordinate permutation,"The frame residue f in Z5, with internal x retained",,,,,,,Candidate coordinate action; native admission open.,"The multiplier f->2f is a permutation of frame coordinates and conjugates S to S^2. It is not U(2), and native admissibility as a groupoid operation has not been certified here.","U2(f,x)=(2f mod5,x)",Not the derived involution Z5 or a selected registered step F.,"[""CHAT"", ""CORE""]"
frame-sector-exchange,Piecewise five-frame golden-sector exchange,"[""Z5"", ""Z_5""]",linear involution construction,The frame event subspace with P+ and P-,,,,,,,Conditional operator construction; native provenance open.,The piecewise use of U2 in one direction and U2 inverse in the other creates an involution exchanging golden sectors. It is neither the raw multiplier nor the residue group Z_5.,Z5=P- U2 P+ + P+ U2^-1 P-; Z5 J5=-J5 Z5,Matching history Clifford relations is not the native history intertwiner.,"[""CHAT"", ""CORE""]"
frame-common-projector,Frame-common zero-current projector,"[""P0"", ""P_0""]",orthogonal projector,Full9000dimensional frame representation,,,,,1800,9000,Conditional frame representation.,The average of the five pure shifts projects onto vectors constant in the frame coordinate. Its rank is1800 in the proposed full carrier.,P0=(I+S+S^2+S^3+S^4)/5,"P0 is an operator, not an1800element subset or a physical observer.","[""CHAT"", ""CORE""]"
frame-harmonic-72,Seventy-two-degree real frame harmonic,"[""V72"", ""V_72""]",real representation plane,Real regular C5 module before internal multiplicity,,,2,,,,Conditional C5 harmonic notation.,"The conjugate character pair {1,4} forms a real2plane. The72label is an angle; after tensoring withR1800 its real dimension is3600.","V72: k=1,4",The subscript is not the dimension72 or an axis index.,"[""CHAT""]"
frame-harmonic-144,One-hundred-forty-four-degree real frame harmonic,"[""V144"", ""V_144""]",real representation plane,Real regular C5 module before internal multiplicity,,,2,,,,Conditional C5 harmonic notation.,"The conjugate pair{2,3} forms the other real2plane, with full-carrier multiplicity1800.","V144: k=2,3",Not a144state set or144dimensional independent carrier.,"[""CHAT""]"
frame-character-blocks,Complex five-frame character block family,"[""E1"", ""E2"", ""E3"", ""E4"", ""E_1"", ""E_2"", ""E_3"", ""E_4""]",complex invariant subspaces,Complexified C5 frame representation,,,,1800,,,Conditional frame representation.,"The four nontrivial characters are distinct complex one-dimensional modules before internal multiplicity and complex 1,800-dimensional blocks afterward. Conjugate pairs form the two real harmonic sectors. These subspaces are not automatically four real outcome-state sets.","E_k: S eigenvalue exp(2*pi*i*k/5); k=1,2,3,4","Do not merge E2 with the native face E2 real representation plane, with a generic event E_2, or with the equation file E02.","[""CHAT""]"
history-clifford-j2,Two-by-two signed history-sheet phase matrix,"[""J2"", ""J_2""]",real matrix,Sheet factor in the reported full history/analyzer chart,,,2,,,,Explicit matrix; full native-action placement is conversation-reported.,The explicit square-minus-identity matrix used in the reported history-sheet factor. Its formula is unambiguous. Its placement in the newest full native action and the associated cocycle cancellation remains conversation-reported pending the original producer/action tables.,"J2=[[0,1],[-1,0]]; J2^2=-I2","Not the two-state history alphabet, the normalized frame J5, or a canonical identification of every real complex structure.","[""CHAT"", ""CORE""]"
g1800-operator,Registered native product quarter-turn operator,"[""K1800"", ""K_1800"", ""K""]",permutation / induced linear operator,One G1800 ordered deck registration,,,,,,,Source-recorded; original producer not re-executed in this sweep.,"The actual map descending from(u,v)->(ab(v),b(u)) in the source registration. An operator, its generated C4 group and its orbits are separate views.",K^2=Delta_1800; K^4=I,Do not treat K and G1800 as aliases; one acts on the other.,"[""FRAMES""]"
fusion-adjacencies,Icosahedral fused distance adjacency matrices,"[""A0"", ""A1"", ""A2"", ""A3"", ""A_0"", ""A_1"", ""A_2"", ""A_3""]",matrix family,The twelve-point relational-kernel carrier,,,,,,,Source-recorded; original producer not re-executed in this sweep.,The four graph-distance matrices formed by the specified fusion of the eight colored relations. Index zero denotes the identity relation; indices one to three denote graph distance. These are actual matrices on the twelve-point kernel carrier.,A0=A_T0; A1=A_Tu+A_F0+A_R0; A2=A_Tv+A_F1+A_R1; A3=A_Tu+v,"A3 here is a distance-three matrix, not the alternating group A3 or the A3 root-system target.","[""KERNEL""]"
binary-analyzer-local,Local binary analyzer observable families,"[""A0"", ""A1"", ""B0"", ""B1"", ""A_0"", ""A_1"", ""B_0"", ""B_1""]",observable / response family,Alice and Bob settings in their explicitly represented experiment,,,,,,,Source-recorded; original producer not re-executed in this sweep.,The setting-indexed local observable or classical response families in a CHSH comparison. Classical functions of hidden history and quantum operators are different implementations; keep that representation qualification.,A_i; B_j; CHSH=A0(B0+B1)+A1(B0-B1),"Do not identify A0,A1 with fusion matrices or face-circle generators. A local operator is not an admitted physical instrument by notation.","[""EPR"", ""MEASURE""]"
anchor-circle-generators,Event-anchor circle Lie generators,"[""A0"", ""A1"", ""A_0"", ""A_1""]",Lie-algebra operator pair,Two positive event vectors in the complex face doublet,,,2,,,,Source-recorded; original producer not re-executed in this sweep.,The two point-stabilizer circles have generators A0 and A1. Their sum is centralJ and difference is the event-defined neutralSU2axisT. These are not the two EPR settings.,A0=(J-T)/2; A1=(J+T)/2,The source has no physical coupling metric or hypercharge identification.,"[""CIRCLES"", ""NEUTRAL"", ""REFLECTION""]"
quaternionic-face-axes,Derived quaternionic face-axis generators,"[""K1"", ""K2"", ""K3"", ""K_1"", ""K_2"", ""K_3""]",operator-frame family,Derived su(2)-type part of the face U(2) envelope,,,,,,,Source-recorded; original producer not re-executed in this sweep.,"Three native derived axes in the face-envelope calculation, normalized as T_i=K_i/2. Their labels are not complete graphs or equation tags.","K1,K2,K3; T_i=K_i/2; Casimir=3/4",No identification with physical weak isospin or a measured spatial frame follows.,"[""CONNECTION"", ""NEUTRAL""]"
quaternionic-normalized-generators,Normalized derived face Lie generators,"[""T1"", ""T2"", ""T3"", ""T_1"", ""T_2"", ""T_3""]",Lie-generator family,Same face-derived su(2) module,,,,,,,Source-recorded; original producer not re-executed in this sweep.,"The half-scaled generators associated with the K_i operator frame. Scaling is an explicit relation, not an alias that can be used interchangeably in formulas.",T_i=K_i/2,Not macro T10/T12 or kernel translation T0.,"[""CONNECTION"", ""NEUTRAL""]"
kernel-forward,Forward binary relations of the normalized kernel,"[""F0"", ""F1"", ""F_0"", ""F_1""]",binary relation / adjacency family,Ordered cross-cell pairs of X12_kernel,,,,,,,Source-recorded; original producer not re-executed in this sweep.,"The binary index c records a constraint between a source first bit and target second bit while the cell index advances. Each source retains multiple allowed targets. This is a relation and its adjacency matrix, not a uniquely chosen execution.",F_c: i->i+1 and x1+y2=c,"Not a power of F_reg, a chronological event, or the F1/F2 equation-tag family.","[""KERNEL""]"
kernel-reverse,Reverse binary relations of the normalized kernel,"[""R0"", ""R1"", ""R_0"", ""R_1""]",binary relation / adjacency family,Ordered cross-cell pairs of X12_kernel,,,,,,,Source-recorded; original producer not re-executed in this sweep.,The reverse direction uses the source second bit and target first bit. Its adjacency matrix is the transpose of the corresponding forward matrix. Relation reversal has not been identified with the separate point action called Mode.,R_c=F_c^T,"R1 is not primitive winding class r1, the native exchange-square residual, or a real one-dimensional space.","[""KERNEL""]"
kernel-identity-relation,Within-cell identity translation relation,"[""T0"", ""T_0""]",binary relation / identity matrix,Diagonal pairs of X12_kernel,,,,,,,Source-recorded; original producer not re-executed in this sweep.,"The identity member of the four within-cell translation relations. Every point is related to itself, and the corresponding adjacency matrix is identity on the twelve-point function space.","T0={((i,x),(i,x))}","Not the T10 macro transport, an initial event, or a time origin.","[""KERNEL""]"
cochain-coboundaries,Discrete cochain incidence/coboundary operators,"[""D0"", ""D1"", ""D2"", ""D_0"", ""D_1"", ""D_2""]",linear map family,A specified cell complex in the discrete Maxwell comparison,,,,,,,Source-recorded; original producer not re-executed in this sweep.,"The incidence or coboundary maps connecting successive cochain degrees in the separately declared discrete Maxwell comparison. Their composition vanishes on the specified chain complex. Matrix conventions, dimensions and the cell complex are part of each instance.",D_(k+1) D_k = 0 for composable cochain degrees,"Not dihedral groups, the frame D5 current, or the scalar face disagreement D2.","[""MAXWELL""]"
face-disagreement,Six-face quadratic disagreement scalar,"[""D2""]",scalar functional,Binary six-face field and continuous R^6 lift,,,,,,,Source-recorded; original producer not re-executed in this sweep.,The six-face alignment measure defined from the native phase pair. On binary fields it counts pairwise disagreements; the source gives its transverse quadratic rendering in a continuous real six-dimensional lift. Here the digit two is associated with quadratic degree.,D2(x) = sum_(i<j) (1-s_i s_j x_i x_j)/2 = (3/2) x^T P_perp x,Not the Maxwell degree-two incidence map. The continuous potential does not by itself supply physical energy.,"[""FACE""]"
analyzer-z3,Three-dimensional canonical analyzer Z reflection,"[""Z3"", ""Z_3""]",real 3-by-3 matrix,A native analyzer character mode,,,3,,,,Source-recorded; original producer not re-executed in this sweep.,The canonical real three-by-three binary analyzer reflection with one positive and two negative eigenvalues. It acts on a chosen three-dimensional native character mode and is one member of a fixed distinct-axis pair normal form.,"Z3=diag(1,-1,-1)",Not the residue group Z_3. Its matrix size does not imply a three-element action.,"[""EPR"", ""HISTORICAL_FIVEFOLD""]"
analyzer-r3,Three-dimensional canonical analyzer R reflection,"[""R3"", ""R_3""]",real 3-by-3 matrix,The second analyzer in a canonical distinct-axis pair,,,3,,,,Source-recorded; original producer not re-executed in this sweep.,The second rational reflection in the canonical distinct-axis pair. Its noncommutation with Z3 is part of the represented analyzer calculation. The operator and its real three-dimensional domain require separate names.,"R3=[[-3/5,4/5,0],[4/5,3/5,0],[0,0,-1]]",Not the scalar vector space R^3 or the reverse relation R_c.,"[""EPR"", ""HISTORICAL_FIVEFOLD""]"
causal-golden-b,Integral causal-current square-five operator pair,"[""B1"", ""B2"", ""B_1"", ""B_2""]",integral operator pair,Causal-current lattice with S5 action,,,,,,,Source-reported operator pair with original matrix recovery pending.,"The integrated draft reports two integral operators in the causal-current commutant, both squaring to five times identity. A rational S5-module crosswalk does not identify their integral lattice with the golden-period lattice; the source reports an index-32 integral embedding instead.",B1^2=B2^2=5I,The original operator matrices and producer are not included in the retrieved excerpt. No fresh lattice calculation is claimed.,"[""GOLDEN_LATTICE""]"
s1-residual-reflection,Connection-selected anti-complex face reflection,"[""S1"", ""S_1""]",involutory operator,Four-state face basis / event-adapted complex doublet,,,,,,,Source-recorded; original producer not re-executed in this sweep.,"The explicitly selected permutation (1,0,3,2) generating the last connection-residual ambiguity. In the event-adapted complex doublet it is sigma_x followed by complex conjugation. A signed event selects one transport in the torsor; it does not make the residual generator equal that transport.","S1=(1,0,3,2); S1=sigma_x K_conj; S1^2=I","Not the circle S^1, the phase coset S_1, the bundle residual r1, or the selected transport T.","[""RESIDUAL"", ""REFLECTION""]"
s2-twin-reflection,L-twisted companion face reflection,"[""S2"", ""S_2""]",involutory operator,Same four-state face basis asS1,,,,,,,Source-recorded; original producer not re-executed in this sweep.,"The companion permutation (2,3,0,1), obtained as L S1 with L=(3,2,1,0). The source distinguishes it from S1 and says it does not occur as the actual residual in the tested connection selector.",S2=L S1,Do not merge it with S1 because both are involutory or anti-complex.,"[""RESIDUAL""]"
phase-cosets,Four registered history-phase coset objects,"[""S0"", ""S1"", ""S2"", ""S3"", ""S_0"", ""S_1"", ""S_2"", ""S_3""]",coset object family,X=Gamma_hist/H0,,4,,,,,Source-recorded; original producer not re-executed in this sweep.,"The four phase objects r^k H0 in the specified left-coset space. Their phase cycle has period four, while the listed embedded isotropy and word-generator family has period two. Each coset is an object, not a reflection matrix.",S_k=r^kH0; k=0..3,"S_1 and S_2 here are cosets, not the face operators. Selecting S_0 marks an origin but does not make that marking invariant.","[""HISTORY_PHASE""]"
r1-native-residual,Selected native exchange-square residual,"[""r1"", ""r_1"", ""rho1"", ""rho_1""]",native permutation,Aut(G60) cache index2 in the supplied exchange source,2,,,,,,Source-recorded; original producer not re-executed in this sweep.,"The selected native order-two permutation at cache index 2, equal to the square of cache[3]. Its face-bundle action has a nontrivial base permutation and a chart-dependent local compatibility cocycle. The source explicitly distinguishes it from a purely vertical S1.",r1_native=g^2; g=cache[3]; r1=cache[2],Not the primitive homology class r1 or the first event receipt. The source records r1_equals_vertical_S1=false.,"[""BUNDLE"", ""CARTAN""]"
r1-history-class,Primitive registered-history winding class,"[""r1"", ""r_1""]",homology generator/class,The declared registered-history domain,,,,,,,Source-recorded; original producer not re-executed in this sweep.,The distinguished primitive class in the declared registered-history construction. Thalean time is its additive oriented winding. A homology generator and a native permutation with the same display name are not the same type of object.,tau_Th(gamma)=wind_(r1_history)(gamma),Not automatically W4/2 on a different presentation. Do not assign a native permutation-cache index to the homology class.,"[""CORE"", ""BASE""]"
r-indexed-receipts,Indexed event receipt variables,"[""r1"", ""r2"", ""r_1"", ""r_2""]",indexed data family,Ordered transduction history,,,,,,,Source-recorded; original producer not re-executed in this sweep.,"The baseline uses r_i or rho_i for successive individual receipts in an event history. These are chronology-indexed data, not group orders or names of a universal primitive class.","(e1,r1) o (e2,r2) ...",Do not compare r1_receipt with r1_native or r1_history solely through their spelling.,"[""BASE""]"
w4-winding,Companion four-generator additive winding cochain,"[""W4"", ""W_4""]",integral 1-cochain,Four-generator cellular history presentation,,,,,,,Source-recorded; original producer not re-executed in this sweep.,"The primitive integral cochain (1,1,1,1) on the specified four-generator companion presentation. It annihilates its defining relations. On the even-history cover it equals twice a primitive integer cochain plus an exact endpoint term.",W4 = 2 N + d h; on closed histories W4(gamma) = 2 N(gamma),The source explicitly does not identify N with original Project 41 tau_T on arbitrary histories.,"[""WINDING""]"
w5-transverse,Transverse five-dimensional six-face field sector,"[""W5"", ""W_5""]",real invariant subspace,Continuous R^6 lift of the six-face order field,,,5,,,,Source-recorded; original producer not re-executed in this sweep.,"The real five-dimensional complement to the one-dimensional phase line in the continuous lift of the six-face order field. Its label records a representation dimension, not five frame states or a fivefold cyclic action.",R^6 = L_phase direct_sum W5,"No physical Higgs, Goldstone-mode, or energy interpretation is promoted.","[""FACE""]"
e2-face-plane,Real irreducible face plane,"[""E2"", ""E_2""]",real representation component,Four-mode face representation 1 + chi_face + E2,,,2,1,,,Source-recorded; original producer not re-executed in this sweep.,The real two-dimensional irreducible component in the four-mode face representation 1 + chi_face + E2. After a complex-orientation choice it is a complex line. Under full local D8 its conjugation character differs from that of the scalar plane.,V_face = 1 direct_sum chi_face direct_sum E2,Not the complex frame character block E_2 or equation E02. The full D8 action does not yield the claimed common semilinear doublet without the specified restriction.,"[""FACE""]"
reference-lines,Reference-gauge projective analyzer line labels,"[""L0"", ""L1"", ""L_0"", ""L_1""]",projective-line pair,Selected reference gauge in CP^1,,2,,,,,Source-recorded; original producer not re-executed in this sweep.,"The two projective analyzer lines named L0 and L1 after choosing a reference gauge. The original Program 2 source describes the codomain as a two-line subset of CP1. These labels identify lines, not oriented vector representatives.","{L0,L1} subset CP1","No automatic identification with the two inert complex lines L1,L2 in the separate charge-Cartan construction. A line alone is not a signed observable.","[""LINES"", ""PARTITIONS""]"
cartan-inert-lines,Ordered inert complex lines in the charge-Cartan sector,"[""L1"", ""L2"", ""L_1"", ""L_2""]",complex subspace pair,Q_tau complement in the specified C^4 comparison,,,,1,,,Source-recorded; original producer not re-executed in this sweep.,"The two ordered inert complex lines in the Q_tau complement of the specified four-complex-dimensional representation. The selected square orders them in that construction. This is a different pair from the reference-gauge analyzer lines L0,L1.",Y=q_D P_tau+q1 Pi1+q2 Pi2,"The coefficients q1,q2 remain unassigned. No Standard Model charge or face-to-spin axis identification follows.","[""CARTAN""]"
cartan-charge-coefficients,Unassigned inert-line charge coefficients,"[""q1"", ""q2"", ""q_1"", ""q_2""]",scalar parameter pair,Three-parameter charge algebra in theC^4comparison,,,,,,,Source-recorded; original producer not re-executed in this sweep.,"The two free scalar coefficients multiplying the inert singlet-line projectors in the displayed charge algebra. They are parameters rather than vertex addresses, history bits, or already determined physical charges.",Y=q_D P_tau+q1 Pi1+q2 Pi2,Do not supply numerical hypercharges that the source leaves unassigned.,"[""CARTAN""]"
correlation-entries,Setting-pair correlation table entries,"[""E00"", ""E01"", ""E10"", ""E11"", ""E_00"", ""E_01"", ""E_10"", ""E_11""]",indexed scalar readout,"Two-wing measurement context (i,j)",,,,,,,Source-recorded; original producer not re-executed in this sweep.,The correlation expectation indexed by an ordered pair of settings. The two digits carry separate local-setting information. Leading zeros must be preserved: E01 is not automatically the same label as E1.,"E_ij = expectation[a b | i,j]",Distinguish the mathematical correlation E_01 from the equation-file locator E01 using the occurrence context.,"[""EPR"", ""MEASURE""]"
identity-matrices,Identity operator family with domain size,"[""I1"", ""I2"", ""I3"", ""I4"", ""I6"", ""I12"", ""I20"", ""I30"", ""I60"", ""I600"", ""I_2"", ""I_6"", ""I_12""]",parametric matrix family,Declared vector space of dimension n,,,,,,,Source-recorded; original producer not re-executed in this sweep.,"The identity operator on a declared vector space. Its numeric suffix specifies matrix size, not an independent native object. An identity acting on a sheet factor and one acting on a spinor factor can have the same matrix while retaining different roles.","I_(n,domain) v=v","Annotate field and carrier, particularly for I2. Equal-size identities do not provide a map between the underlying native domains.","[""CHAT"", ""MEASURE"", ""CARTAN""]"
u2-face-envelope,Continuous unitary envelope of a selected face complex fiber,"[""U2"", ""U(2)"", ""U_2_envelope""]",continuous matrix group,"Selected face complex fiber: real dimension 4, complex dimension 2",,,4,2,,,Source-recorded; original producer not re-executed in this sweep.,"The continuous group of unitary transformations for the selected face complex structure, with a real four-dimensional / complex two-dimensional fiber. Its Lie algebra has dimension four, one-dimensional center, and three-dimensional derived part. The digit two is complex matrix size.",U(2) ~= (SU(2) x U(1))/C2,Not the finite coordinate permutation U_2. The envelope does not establish physical gauge fields or hypercharge.,"[""U2"", ""CONNECTION"", ""NEUTRAL""]"
u1-face-center,Central face phase circle,"[""U1"", ""U(1)"", ""U_1_center""]",continuous central subgroup,Center of faceU(2),,,,,,,Source-recorded; original producer not re-executed in this sweep.,"The common complex-phase circle in the center of the face U(2) envelope. Its primitive Lie direction is J=A0+A1. This embedded circle is not either anchor stabilizer, although all three have abstract circle type.",exp(theta J); J = A0 + A1,"Keep the continuous circle, Lie generator, and finite quarter-turn subgroup distinct.","[""NEUTRAL"", ""CIRCLES""]"
u1-anchor-first,First positive-event anchor circle,"[""U1"", ""U(1)"", ""U_1_anchor0""]",continuous point stabilizer,"Face U(2), fixing the first positive event vector",,,,,,,Source-recorded; original producer not re-executed in this sweep.,The point stabilizer fixing the first positive event vector. Its generator A0 is one half of the difference between central J and neutral T. Naming the anchor is necessary to specify the embedded subgroup.,A0=(J-T)/2,Not the central U(1) or the second anchor circle. The source reports trivial intersection of the two anchor circles.,"[""CIRCLES"", ""NEUTRAL""]"
u1-anchor-second,Second positive-event anchor circle,"[""U1"", ""U(1)"", ""U_1_anchor1""]",continuous point stabilizer,"Face U(2), fixing the second positive event vector",,,,,,,Source-recorded; original producer not re-executed in this sweep.,"The point stabilizer fixing the second positive event vector. Its generator A1 is one half of the sum of central J and neutral T. Together the two anchor circles generate a maximal U(1) x U(1) torus, not the full U(2).",A1=(J+T)/2,Same abstract circle type does not merge the two embedded stabilizers.,"[""CIRCLES"", ""NEUTRAL""]"
su2-face-derived,Derived face unitary special-unitary envelope,"[""SU2"", ""SU(2)""]",continuous matrix group / Lie algebra view,Derived part of the face U(2) envelope,,,,,,,Source-recorded; original producer not re-executed in this sweep.,"The special-unitary / derived three-generator structure in the chosen face complex-doublet envelope. The source computes quaternionic generator anatomy and normalization. Its Lie algebra, group, and represented operators remain separate views.",T_i = K_i/2; quadratic Casimir = 3/4,Not yet physical weak isospin or a unique native Weyl-to-face identification.,"[""CONNECTION"", ""NEUTRAL""]"
o2-surface-envelope,Orthogonal winding-plane reference-transport envelope,"[""O2"", ""O(2)""]",continuous matrix group,Real local primitive winding planes,,,,,,,Source-recorded; original producer not re-executed in this sweep.,"The orthogonal two-plane envelope of the surface reference connection. The tested edge transports lie in a finite D8 subgroup, while the unlifted loop holonomy lies in a V4 subgroup. Ambient envelope, edge-value group, and loop group are distinct.",D8_edge <= O(2); Hol_reference ~= V4,No equality of an ambient group with its attained loop holonomy is inferred.,"[""SURFACE""]"
circle-space,Unit-circle phase space,"[""S1"", ""S^1""]",topological space / group model,Continuous phase/orientation coordinate when explicitly selected,,,,,,,Notation convention for the source phase-circle/envelope usage.,"The unit-circle model of a continuous phase coordinate when such a coordinate is declared. Its superscript distinguishes it from the finite reflection operator S_1. A chosen phase circle can model U(1), but this is not the same as identifying every object called S1.",S^1={z in C:|z|=1},The fully scanned sources contain phase-circle/envelope usage; no equality to a permutation S1 is intended.,"[""U2"", ""CORE""]"
real-spaces,Real scalar vector-space family,"[""R2"", ""R3"", ""R4"", ""R5"", ""R6"", ""R12"", ""R1800"", ""R9000"", ""R^2"", ""R^3"", ""R^6""]",scalar-space family,Declared realcoordinate spaces,,,,,,,Source-recorded; original producer not re-executed in this sweep.,"R^n records scalar field and real dimension. Compressed JSON prose may write R6, but an operator R3 or relation R_1 uses a different convention. Each actual native or constructed vector-space domain still needs its own qualified name.",R^n; dimensionn overR,Do not turn a superscript into a subscript. Equal dimensions do not supply a native vector-space identification.,"[""FACE"", ""CORE"", ""CHAT""]"
complex-spaces,Complex scalar vector-space family,"[""C2"", ""C4"", ""C6"", ""C12"", ""C^2"", ""C^4"", ""C^6""]",scalar-space family,Declared complexification/complexfiber,,,,,,,Source-recorded; original producer not re-executed in this sweep.,"C^n is a complex vector space, not the cyclic group C_n. A complex doublet has two complex dimensions and four real dimensions; it is not a two-element state set. A chosen complex structure is additional data on its real carrier.",dim_R C^n=2n,"Preserve exponent, field, and domain. Complexification does not by itself turn spectral modes into registered physical outcomes.","[""CARTAN"", ""U2"", ""COMPANION_TRIALITY""]"
residue-spaces,Cyclic residue coordinate family,"[""Z2"", ""Z3"", ""Z4"", ""Z5"", ""Z6"", ""Z20"", ""Z_2"", ""Z_3"", ""Z_4"", ""Z_5"", ""Z_20""]",residue-coordinate group family,Declared finite cyclic coordinates,,,,,,,Source-recorded; original producer not re-executed in this sweep.,The integers modulo n used as coordinates on a declared finite cyclic register. Such coordinates may model a C_n action after an origin and generator are selected. They do not identify all native actions of that abstract type.,Z/nZ,Z_5 as a residue group is not Z5 the frame-sector exchange operator; Z_3 is not the analyzer Z3 reflection.,"[""KERNEL"", ""FRAMES"", ""CHAT""]"
matrix-algebras,Full matrix algebra size notation,"[""M2"", ""M_2"", ""M2(R)"", ""M2(C)""]",associative algebra family,Endomorphisms of the specified two-dimensional spaces,,,,,,,Source-recorded; original producer not re-executed in this sweep.,"The full two-by-two matrix algebra over the stated field. In the projective binary comparison, the complex lifts generate M2(C). A matrix algebra is not an individual indexed matrix M_2 or a return-count operator with the same compressed spelling.","M_2(C), or M_2(R) where specified",Keep the field and represented carrier explicit; matching matrix size is not native identity.,"[""HISTORICAL_FIVEFOLD"", ""CORE""]"
h1-homology,First homology group on a declared complex,"[""H1"", ""H_1""]",homology group functor,Declared complex and coefficient ring,,,,,,,Source-recorded; original producer not re-executed in this sweep.,The first homology group of a specified complex with specified coefficients. Its cycles-modulo-boundaries definition and winding interpretation depend on that domain. It is not the isotropy subgroup H_1 at phase coset S_1.,H1(K;Z)=ker(boundary1)/im(boundary2),Always include the complex and coefficient ring. Do not merge distinct winding constructions on their common abstract integer group.,"[""WINDING"", ""CORE""]"
h2-history-variable,Indexed retained history states,"[""H1"", ""H2"", ""H_1"", ""H_2""]",indexed record family,Two histories compared for future response,,,,,,,Source-recorded; original producer not re-executed in this sweep.,"In the core definitions H1 and H2 also name two retained histories being compared by future admissibility and response. These numeric indices are variable labels, not homological degree or group order.",H1 ~ H2 under the declared predictive-history equivalence,The local formula must determine the type; a bare H1 match remains ambiguous.,"[""BASE"", ""CORE""]"
h12-history-candidate,Twelve-dimensional analyzer-frame candidate module,"[""H12"", ""H_12"", ""H12_cand""]",representation candidate,Exchange-odd analyzer sector tensor nontrivial frame harmonics,,,12,,,,Conversation-derived candidate; final native intertwiner open.,The proposed tensor product of a three-dimensional exchange-odd analyzer sector with the four-dimensional nontrivial frame module. It matches the dimension and abstract Clifford relations of registered pentagon history. It is not yet the construction-derived history module identification.,H12_cand = wedge^2(V_chi) tensor E_C5_nontriv,"Not a set of twelve history events, section states, or phase objects. The final native intertwiner remains open.","[""CHAT"", ""CORE""]"
source-h-locators,H-prefixed audit/frontier source locators,"[""H8"", ""H10"", ""H35"", ""H40"", ""H41"", ""H58"", ""H61"", ""H65"", ""H67"", ""H69"", ""H71""]",metadata / locator family,Project 41 audit and frontier names,,,,,,,Metadata where explicit; H8/H10 standalone referents unresolved.,"H35, H58, H61 and related strings in provenance refer to audits or frontiers. They are not automatically homology groups, group orders, or Hilbert-space dimensions. H8 and H10 were not resolved as standalone mathematical objects in the fully scanned current packet.",H35: selected square; H58: face-to-Weyl comparison; H61: pairing; H67: reflection audit,Recover the original referenced payload before assigning a structure to an unresolved locator. No H8/H10 group is invented from the spelling.,"[""CARTAN"", ""REFLECTION"", ""BUNDLE""]"
source-draft-codes,Draft-number source citation codes,"[""D6"", ""d6"", ""D5_draft"", ""D3_draft""]",source identifier,Glossary source keys and filenames,,,,,,,Lexical metadata.,D6 in the glossary source keys generally means Draft 6. Draft identifiers and filenames can share a letter-number spelling with dihedral notation. The enclosing source reference and the complete filename disambiguate them.,[D6] identifies the Draft 6 manuscript source,Citation metadata is not a mathematical group. Preserve the whole source token.,"[""CORE"", ""GLOSS""]"
source-equation-codes,Equation and statement identifier families,"[""E01..E52"", ""F1..F8"", ""K1..K4"", ""M1..M4"", ""S10_1"", ""E02..E52"", ""W1"", ""W2""]",metadata / locator family,"TEX equation tags, statement filenames and input commands",,,,,,,Lexical metadata.,"Equation tags and statement filenames are locators. For example, K1 is the tag of the kernel point definition, while K_1 elsewhere is a quaternionic generator. E01 can name an equation file, whereas E_01 can denote a correlation entry.",\tag{K1}; \input{equations/E01}; statements/S10_1.tex,"A regular-expression match is not a mathematical object. Keep leading zeros, suffixes and enclosing tag or path syntax.","[""KERNEL"", ""COVER"", ""MODE"", ""CORE""]"
source-census-codes,Census path and source transport code families,"[""N015"", ""N030"", ""N060"", ""N120"", ""x012"", ""x210""]",catalogue / transport-code identifier,Census paths and complete source transport labels,,,,,,,Lexical metadata.,"N015, N030, N060 and N120 are census path components. The strings x012 and x210 occur inside complete source transport codes. Their meaning comes from the full path or transport label rather than the isolated letter-number substring.",Catalogue example N120/N120i038; complete transport codes 02_x_012 and 021_x_210,Do not create an N-dimensional space or an X012 state carrier from these substrings.,"[""COVER"", ""FRAMES""]"
source-audit-codes,Numeric audit/version labels,"[""C107"", ""v0"", ""v1"", ""G21"", ""O48"", ""FP7""]",audit / schema / source-locator family,"Audit IDs, schema versions and upstream frontier references",,,,,,,Metadata; full G21/O48 payloads not recovered.,"C107 names the comparator-center audit rather than a cyclic group of order 107. v1 usually labels a schema version. G21, O48 and FP7 are references to particular upstream artifacts or label sets; not every full referent is included in this packet.","Audit C107; schema suffix .v1.json; source references G21, O48, FP7",v1 may also be a variable in a different context. No unseen O48 group is inferred from the number 48.,"[""MM"", ""CONNECTION"", ""BUNDLE""]"
face-stabilizer,Native face-family ambient stabilizer,"[""Stab_f"", ""H_face80""]",finite subgroup family,"Aut(G60), fixing one native face family",80,,,,,,Source-recorded; original producer not re-executed in this sweep.,"The order-eighty subgroup fixing one native face family setwise. It maps to the order-eight block permutation image and has the order-ten realization kernel. These three objects belong in one exact sequence, not one alias list.",1 -> D5_f -> Stab(f) -> D8_blocks(f) -> 1,"Never list ambient stabilizer, image and kernel as interchangeable names for D8.","[""D5_KERNEL"", ""FACE_SCOPE""]"
history-pentagon-space,Registered-pentagon coefficient module,"[""H_hist"", ""H12_history""]",real vector space,Coefficient space of twelve oriented quotient pentagon generators,,,12,,,,Source-recorded; original producer not re-executed in this sweep.,"The twelve-dimensional coefficient domain generated by the twelve oriented quotient pentagons. Its basis labels are finite cycles, but its possible vectors are not limited to twelve point states. The signed cycle-incidence map acts from this space.",B_hist: R^12 -> R^30,"Not the phase actor Gamma_hist, the twelve-section set, the twelve face-phase objects, or the candidate analyzer-frame module.","[""HIST"", ""MEASURE""]"
history-incidence,Signed registered-pentagon incidence map,"[""B_hist"", ""M_cycle""]",linear map,R^12 cycle coefficients -> R^30 oriented G15 edge coordinates,,,,,,,Source-recorded; original producer not re-executed in this sweep.,The signed thirty-by-twelve edge-cycle incidence map. Its columns are oriented registered pentagons in the thirty-edge quotient. Older source notation uses M for this map; later manuscript notation uses B_hist.,G_hist=B_hist^T B_hist,M_sec is a different fifteen-by-thirty map. Only merge the M/B_hist spellings when they refer to this same edge-cycle map.,"[""HIST"", ""MEASURE""]"
history-gram,Registered-pentagon Gram operator,"[""G_hist"", ""M_hist""]",positive operator,R^12 history coefficient module,,,,,,,Source-recorded; original producer not re-executed in this sweep.,The positive twelve-by-twelve Gram operator of the cycle-incidence map. Its trace is sixty because each of the twelve cycle generators has squared norm five. It acts on coefficients rather than sending them to edges.,G_hist=B_hist^T B_hist=5I12+K_hist,"Not the incidence map B_hist, its coefficient carrier H_hist, or its centered contrast K_hist.","[""HIST"", ""CLIFF""]"
history-contrast,Registered-history centered conference operator,"[""K_hist""]",real symmetric operator,R^12 history coefficient module,,,,,,,Source-recorded; original producer not re-executed in this sweep.,"The integer symmetric centered Gram operator. Its square is five times identity. The stored signed row/column chart identifies its off-diagonal conference block, while native action equivariance requires its separate source evidence.",K_hist=G_hist-5I12; K_hist^2=5I12,"The normalized J_hist=K_hist/sqrt(5) is related by scaling, not literally the same operator.","[""HIST""]"
history-sheet-grading,Receipt-family diagonal grading,"[""Z_hist""]",linear involution,Six b and six ab pentagon coefficients,,,,,,,Source-recorded; original producer not re-executed in this sweep.,The diagonal sign operator distinguishing the six b-receipt cycles from the six ab-receipt cycles. It anticommutes with the centered history operator. This raw family grading is not the sheet-exchange observable used in the spectral refinement.,"Z_hist = +1 on b, -1 on ab; Z_hist K_hist = -K_hist Z_hist","Not the frame Z5, a universal physical parity, or the sheet-exchange eigenvalue q.","[""CLIFF""]"
history-sheet-exchange,Signed-chart history sheet-exchange operator,"[""Q_H"", ""Q_hist""]",linear involution,Two-sheet by six-axis signed normal form,,,,,,,Source-recorded; original producer not re-executed in this sweep.,The exchange operator on the sheet factor in the signed conference chart. It commutes with the normalized conference factor T_H. It differs from the diagonal receipt-family grading Z_hist.,Q_H=X_sheet tensor I6,A chart-derived operator is not a raw two-sheet record or the sector overlap Gram Q_sec.,"[""CHAT"", ""CORE"", ""HIST""]"
history-axis-involution,History-chart normalized conference factor,"[""T_H"", ""T_hist""]",linear involution,Axis factor of the signed history normal form,,,,,,,Source-recorded; original producer not re-executed in this sweep.,The normalized six-axis conference operator acting on the axis factor of the two-sheet history chart. Together with Q_H it factorizes J_hist and yields four joint rank-three spectral cells.,T_H=I2 tensor C_conf/sqrt5; J_hist=Q_H T_H,"Not a macro-history transport T10/T12, Thalean time, or a local scalar relay.","[""CHAT"", ""CORE"", ""HIST""]"
conference-matrix,Six-axis symmetric conference matrix,"[""C_conf"", ""C6_conf""]",real 6-by-6 matrix,Signed presentation of six projective analyzer axes,,,6,,,,Source-recorded; original producer not re-executed in this sweep.,"The six-by-six signed symmetric conference representative with zero diagonal, off-diagonal entries +/-1, and square five times identity. Its rank-three Gram realization describes the six projective analyzer lines up to the appropriate sign and coordinate choices.",C_conf^2=5I6,Line-sign changes alter its presentation by switching. The matrix is not the symmetry group or a physical analyzer instrument.,"[""HIST"", ""CONF_ACTION""]"
sector-incidence,Fifteen-by-thirty sector incidence map,"[""M_sec""]",linear map,Inherited sector/edge-coordinate construction on G15,,,,,,,Source-recorded; original producer not re-executed in this sweep.,The fifteen-by-thirty incidence map in the inherited sector/edge construction. It supplies the quadratic sector shadow on G15. Its shape and domain distinguish it from the thirty-by-twelve history-cycle map.,Q_sec=M_sec M_sec^T,Historical reuse of M must not erase which domain and codomain are being used.,"[""CORE"", ""BASE""]"
sector-overlap,Sector overlap quadratic shadow,"[""Q_sec""]",symmetric 15-by-15 operator,G15sectorregister,,,,,,,Source-recorded; original producer not re-executed in this sweep.,"The fifteen-by-fifteen Gram shadow of the sector-incidence map, with the retained source identity involving G15 adjacency. It is a quadratic overlap/readout object rather than automatically the primitive transport generator.",Q_sec=A15^3+2A15^2+2I15,Not the history sheet exchange Q_H or a universal event law.,"[""CORE""]"
g1800-delta,Registered G1800 midpoint involution,"[""Delta_1800""]",permutation,Declared registered G1800 carrier,,,,,,,Source-recorded; original producer not re-executed in this sweep.,The free midpoint involution equal to the square of the declared registered G1800 quarter-turn. The associated quotient forgets its two-state lift coordinate.,Delta_1800=K_1800^2; Delta_1800^2=I,"Not an event receipt delta_e, accumulated Delta[Gamma], global native deck a, or rooted comparator center by a matching sign alone.","[""FRAMES""]"
t12-macro,Native T12 macro-history transport,"[""T12"", ""T_12""]",native actor / quotient-view,Native macro-history alphabet and conference quotient action,,,,,,,Source-recorded; original producer not re-executed in this sweep.,The named macro-history transport whose conference comparison has odd orientation and an order-six quotient action. The retained artifact gives its six-axis permutation and switching signs. The digits in the name do not establish its full native permutation order.,Conference orientation -1; quotient order 6; six-axis cycle type 6,Keep native actor order separate from quotient order. No order-twelve conclusion is inferred from T12.,"[""CONF_ACTION""]"
h-history-group,Literal sixteen-element phase-history actor group,"[""Gamma_hist""]",finite subgroup,Supplied Aut(G60) cache and four phase cosets,16,,,,,,Source-recorded; original producer not re-executed in this sweep.,"The declared sixteen-element group generated by r,s,z in the native cache. Its four-object action groupoid is constructed explicitly in the source. It is not the scalar correlation Gamma or an arbitrary history word using that letter.","Gamma_hist=<r,s,z> ~= D8 x C2",The later twelve-pentagon coefficient action has its own domain and evidence; it is not this group by identity.,"[""HISTORY_PHASE""]"
history-alphabet,Original two-member continuation-history alphabet,"[""h23"", ""{2,3}""]",two-state indexed set,Original Program 03 continuation interface,,2,,,,,Source-recorded; original producer not re-executed in this sweep.,"The original two continuation-history labels, with the source preserve-roles and swap-roles semantics. Equivariant sign naming leaves a global reversal choice. The actual projection from the decorated phase carrier remains an independent requirement.","h in {2,3}; preserve roles: h -> 5-h","Not the b/ab pentagon family, the q,t spectral signs, or the frame character index.","[""HISTORY_PHASE"", ""CORE""]"
adjacency-g15,Native quotient adjacency operator,"[""A15"", ""A_15""]",graph adjacency matrix,G15 vertex function space,,,15,,,,Source-recorded; no original mathematical producer re-executed here.,The fifteen-by-fifteen adjacency appearing in the sector Gram identity. The graph and its matrix are related but not interchangeable objects; the chosen vertex order matters for literal matrix identity.,A15 = adjacency(G15),Not the alternating group A15 or the distance-fusion matrices A_0 through A_3.,"[""CORE"", ""CENSUS""]"
adjacency-g60,Native carrier adjacency operator,"[""A60"", ""A_60""]",graph adjacency matrix,G60 vertex function space,,,60,,,,Source-recorded; no original mathematical producer re-executed here.,The sixty-by-sixty adjacency whose product-space lift is A60 tensor I + I tensor A60 before the diagonal deck quotient. Its spectral sectors are not the graph vertices themselves.,A_product=A60 tensor I+I tensor A60,"Not the graph G60, its full automorphism group, or a sixty-element alternating group.","[""ANALYZER"", ""EPR""]"
petersen-f10,Petersen graph in the F10 construction label,"[""F10"", ""F_10"", ""Petersen""]",finite graph,Census construction expression L(B(F10)),,10,,,,,Source-recorded; no original mathematical producer re-executed here.,"The census-family section explicitly writes F10=P, the Petersen graph, and B=CDC. Here F10 names a ten-vertex source graph, not a tenth power of the registered F action.","F10=P; Q30=L(B(F10)), B=CDC",Only the explicit source construction licenses this alias.,"[""CENSUS""]"
chain-groups,Cellular integral chain group family,"[""C0"", ""C1"", ""C2"", ""C_0"", ""C_1"", ""C_2""]",free abelian chain groups,The stated four-generator relation complex K,,,,,,,Source-recorded; no original mathematical producer re-executed here.,"C0,C1,C2 here record cellular chain degree. The particular complex has one vertex, four loop edges and nine relation cells. C2(K;Z)=Z^9 is not a cyclic group of order two or a complex two-dimensional space.",C0(K;Z)=Z; C1(K;Z)=Z^4; C2(K;Z)=Z^9,Preserve the complex and coefficient ring. Do not strip the arguments or the degree role.,"[""WINDING""]"
cochain-spaces,Discrete Maxwell cochain-degree spaces,"[""C^0"", ""C^1"", ""C^2"", ""C^3"", ""C^2_cochain""]",cochain space family,A specified discrete cell complex,,,,,,,Source-recorded; no original mathematical producer re-executed here.,"In C^0 -> C^1 -> C^2 -> C^3, the superscript denotes cochain degree. It does not state complex vector-space dimension. This is a superscript collision that subscript-only normalization would miss.",C^0 --D0--> C^1 --D1--> C^2 --D2--> C^3,"C^2 can also mean complex two-space in a fonted scalar context. Preserve notation, chain complex and arguments.","[""DYN_TARGETS"", ""MAXWELL""]"
binary-vector-spaces,Binary vector-space dimension family,"[""F2^2"", ""F2^3"", ""F2^4"", ""F_2^2"", ""F_2^3"", ""F_2^4""]",finite vector-space family,"Binary coordinate, cochain or reference-fiber domains",,,,,,,Source-recorded; no original mathematical producer re-executed here.,"The exponent is vector dimension over the two-element field. F2^2 has four elements, F2^3 eight and F2^4 sixteen; that count does not select a native deck embedding or a symplectic/Pauli structure.",dim_(F2)(F2^n)=n; cardinality=2^n,"The space, a bilinear form on it, and a group acting on it are distinct records.","[""KERNEL"", ""CORE""]"
cp1-line-space,Projective complex line space in the reference gauge,"[""CP1"", ""CP^1""]",projective space,Lines in the specified complex doublet,,,,,,,Source-recorded; no original mathematical producer re-executed here.,"The Program 2 line map has a two-point image {L0,L1} within a common reference CP1 gauge. The full projective space is not that two-element image.","ell: S_12 x M_4 -> {L0,L1} subset CP1","No absolute Pauli axis, raw Hilbert transport, probability law or physical instrument is selected merely by this codomain.","[""LINES""]"
s12-phase-set,Twelve-state phase factor of the serialized line map,"[""S12"", ""S_12""]",finite structured set,Phase factor in ell:S_12 x M_4 -> CP1,,12,,,,,Source-recorded; no original mathematical producer re-executed here.,"The source gives twelve phase states, each with four local modes. Here S_12 is a set of twelve phase objects, not the symmetric group on twelve letters. The source connects these objects to the six face carriers and two relative orientations.",S_12: six faces x two phase states,Keep this view linked to the face-phase objects; do not identify it with twelve pentagons.,"[""LINES"", ""CONNECTION""]"
m4-mode-set,Four local signed modes of the line-map domain,"[""M4"", ""M_4""]",finite indexed mode set,Local mode factor in S_12 x M_4,,4,,,,,Source-recorded; no original mathematical producer re-executed here.,The four local signed event modes consist of two positive and two negative modes. This four-element factor in the serialized map is not a four-by-four matrix algebra and not the equation tag M4.,ell domain has 12 x 4 = 48 phase-mode pairs,The point-mode labels and the linear representation they index remain separate.,"[""LINES"", ""PARTITIONS""]"
p01-line-partitions,Two relative-complex-line partitions,"[""P0"", ""P1"", ""P_0"", ""P_1""]",partition pair,Four local signed event modes on a native face,,2,,,,,Source-recorded; no original mathematical producer re-executed here.,The two distinct partitions each pair a positive and a negative mode into projective lines. The selected same-face phase-flip transport exchanges these partitions. Here P0 is not the frame-common projector.,P0 <-> P1 under the selected phase flip,A partition of four modes is not an orthogonal projector unless the corresponding operator is separately constructed.,"[""LINES"", ""PARTITIONS""]"
t01-edge-connection,Same-face forward and reverse connection maps,"[""T01"", ""T10"", ""T_01"", ""T_10""]",oriented-edge transport pair,A selected 6K2 phase-flip edge,,,,,,,Source-recorded; no original mathematical producer re-executed here.,The numeric indices are ordered endpoints 0 and 1. The source gives T_10=T_01^-1=T_01 for this local involutory transport. That T_10 is not the macro-history actor T10.,T_10=T_01^-1=T_01,Do not infer an order-ten transport from the two endpoint indices. Preserve the edge and its local representation.,"[""TWISTED""]"
connection-doublet,Twisted-covariant two-sheet connection object,"[""C2_connection"", ""connection_doublet""]",unordered transport doublet,The six same-face phase-flip edges,,2,,,,,Source-recorded; no original mathematical producer re-executed here.,"The source distinguishes a selected sheet T_f from its residual companion R_f T_f. The unordered pair is covariant, whereas strict covariance of one selected sheet fails under the full tested sign-reversing sector.","{T_f,R_f T_f}; h{T_f,R_f T_f}h^-1={T_hf,R_hf T_hf}","The twisting C2 is explicitly not identified with physical parity, charge conjugation or time reversal.","[""TWISTED""]"
c4-crown-loop,Four-cycle loop in the crown orbital,"[""C4"", ""C_4""]",graph-cycle target,Opposite-phase crown connection frontier,,4,,,,,Named graph-loop target; a source-selected holonomy is not yet given.,"The source proposes a genuine induced C4 loop as the next connection/holonomy target. Here C4 means a four-vertex graph cycle, not an asserted cyclic action or an already selected connection.",Induced four-cycle in the crown orbital,The source leaves the crown connection and its curvature unselected.,"[""TWISTED""]"
rotor-so3,Conventional full-frame rotation group,"[""SO3"", ""SO(3)""]",continuous rotation group,Separately declared mechanical orientation model,,,,,,,Source-recorded; no original mathematical producer re-executed here.,"The full-frame rotation Q acts on an oriented axis n=Q e3. The stabilizer geometry and precession formulas are conventional correspondence calculations, not a derived finite native symmetry.","SO(3) -> S^2, Q -> Q e3",The axis map is not a group homomorphism or a normal-kernel quotient.,"[""CONSERVATIVE""]"
rotor-so2,Oriented-axis rotation stabilizer,"[""SO2"", ""SO(2)""]",embedded stabilizer subgroup,SO(3) fixing the selected oriented axis,,,,,,,Source-recorded; no original mathematical producer re-executed here.,The rotations h_theta about e3 form the stabilizer of that oriented axis. Each different axis has a conjugate stabilizer. This is not automatically every QR U1 or C_n phase.,Stab_SO3(e3) ~= SO(2),An embedded stabilizer and an invisible normal subgroup are different roles.,"[""CONSERVATIVE""]"
rotor-o2,Unoriented-axis stabilizer in rotations,"[""O2"", ""O(2)""]",embedded two-component stabilizer,SO(3) preserving the line R e3,,,,,,,Source-recorded; no original mathematical producer re-executed here.,"The source constructs the two components {h_theta} and {s h_theta}, with s e3=-e3 and det(s)=1. This embedded O(2) differs from the surface winding-plane reference envelope by its ambient group and action.",s h_theta s=h_-theta; stabilizer of an unoriented axis,Not an identification with the surface O(2) connection or a native finite D8.,"[""CONSERVATIVE""]"
rotor-sphere,Oriented-axis sphere base,"[""S^2""]",homogeneous space,SO(3)/SO(2) in the conventional rotor model,,,,,,,Source-recorded; no original mathematical producer re-executed here.,The sphere of oriented axes is the base of the full-frame map. Its local transverse phase chart is not a global product decomposition. This S^2 is not the square of an operator S.,SO(2) -> SO(3) -> S^2,No universal native spacetime sphere or global independent phase coordinate is inferred.,"[""CONSERVATIVE""]"
rotor-projective-base,Unoriented-axis projective base,"[""RP2"", ""RP^2""]",homogeneous/projective space,Axes without an orientation in the rotor comparison,,,,,,,Source-recorded; no original mathematical producer re-executed here.,The unoriented line base corresponding to the embedded two-component stabilizer. It differs from the oriented sphere because n and -n represent the same line.,SO(3)/O(2) ~= RP^2 in the specified stabilizer model,Not the complex line space CP1 or the native phase quotient by a matching number.,"[""CONSERVATIVE""]"
inertia-moments,Transverse and axial heavy-top moments,"[""I1"", ""I3"", ""I_1"", ""I_3""]",physical-model scalar parameters,Conventional symmetric heavy top about a fixed pivot,,,,,,,Source-recorded; no original mathematical producer re-executed here.,"I1 is the transverse moment about the pivot and I3 the axial moment. These are not identity matrices of size one or three, despite identical subscript spelling.",L3=I3 omega3; regular balance I1 Omega^2 cos(theta)-L3 Omega+Mgr=0,"These inertia inputs are imported mechanical assumptions, not finite QR outputs.","[""CONSERVATIVE""]"
top-l3,Axial angular momentum of the heavy-top example,"[""L3"", ""L_3""]",physical-model scalar,The fixed-pivot symmetric-top comparison,,,,,,,Source-recorded; no original mathematical producer re-executed here.,The axial component L3=I3 omega3 entering regular-precession balance. It is not a third complex line or an audit priority label.,L3=I3 omega3,No native angular momentum calibration is inferred.,"[""CONSERVATIVE""]"
wxyz-m-controls,Binary-coordinate Mode lookalike control maps,"[""M0"", ""M1"", ""M_0"", ""M_1""]",declared comparison maps,"Toy coordinates (p,mu,r) in the WXYZTI nonidentification test",,,,,,,Source-recorded; no original mathematical producer re-executed here.,Both maps flip p and mu while either retaining or flipping the role bit. The source uses their commutation with R to show that flipping an extra bit does not by itself establish the required noncommuting Mode law.,"M_k(p,mu,r)=(-p,1-mu,r+k), k in F2","These are counterexample/control maps, not admitted native Mode actors.","[""WXYZ_SECTION""]"
wxyz-six-position,Six-position realized circuit coordinate,"[""Z6"", ""Z_6"", ""C6""]",finite cyclic index set/action,Occurrence positions j in each retained WXYZTI circuit,,6,,,,,Source-recorded; no original mathematical producer re-executed here.,The channel shift j->j+2 and reciprocal-role exchange j->j+3 commute on the six-position register. This commuting action is not the modal reflection that inverts phase.,C_W:j->j+2; R_W:j->j+3 mod6,The six-cycle index does not establish a D5 history or a noncommuting event S3.,"[""WXYZ_SECTION""]"
cellular-generators,Four companion-history presentation generators,"[""x1"", ""x2"", ""x3"", ""x4"", ""x_1"", ""x_2"", ""x_3"", ""x_4""]",group-presentation generator family,The declared integral companion history group,,,,,,,Source-recorded; no original mathematical producer re-executed here.,The x_i are four positive generators represented by oriented loop edges. Their equal-square relations and other relators define the presentation. They are not coordinates of a generic state or binary kernel bits.,"x_j^2=x_1^2 for j=2,3,4; W4(x_i)=1",Preserve complete word order and presentation relations; do not substitute endpoint values for words.,"[""WINDING""]"
cellular-r3-word,Six-increment companion word representative,"[""r3"", ""r_3""]",group word,The specified cellular companion presentation,,,,,,,Source-recorded; no original mathematical producer re-executed here.,"The source names r3=(x1 x2 x3)^2, with the same reported finite endpoint as another word but different integer winding. This r3 is a word name, not the third power of a generator in compressed notation.",r3=(x1 x2 x3)^2; W4(r3)=6; N(r3)=3,Not an analyzer R3 matrix or an abstract rank-three space.,"[""WINDING""]"
history-primitive-family,Three primitive registered homology species,"[""r0"", ""r1"", ""r2"", ""r_0"", ""r_1"", ""r_2""]",homology class family,Inherited rank-three registered-history homology register,,,,,,,Source-recorded; no original mathematical producer re-executed here.,"The manuscript retains three primitive species r0,r1,r2 and a visibility test selecting r1 for its temporal readout. This is a family of classes, not a three-state finite phase.",phi1(r0)=0; phi1(r1)=1; phi1(r2)=0,"The family is inherited from its own original history domain, not automatically the cellular W4 presentation.","[""HISTORY_CLASSES""]"
frame-sign-values,Golden-sector and conjugate-current eigenvalue signs,"[""s5"", ""r5""]",spectral scalar labels,Joint eigenmodes of J5 and R5 in the event subspace,,,,,,,Source-recorded; no original mathematical producer re-executed here.,"The lower-case signs s5,r5 are eigenvalues +/-1, not the upper-case involutions J5,R5. Listing all four as aliases would collapse an operator with its readout.","(s5,r5) = (eigenvalue of J5, eigenvalue of R5)",Not the primitive history r1 or a cyclic group C5.,"[""CORE"", ""CHAT""]"
g2-word-spelling,Compressed square-of-g source key,"[""g2""]",source-key / operation spelling,Source checks referring to the square of selected g,,,,,,,Source-recorded; no original mathematical producer re-executed here.,The key g2_equals_r1_on_all_signed_blocks records g squared. It does not introduce a new generator called g2 or the exceptional Lie group G2.,g2 in this check means g^2,Use the underlying action equation before naming an object; no Lie-group G2 is inferred.,"[""CARTAN"", ""HISTORY_PHASE""]"
quotient-q30,Original native double-cover projection,"[""q30"", ""q_30""]",quotient map,G60 -> original G30,,,,,,,Source-recorded; no original mathematical producer re-executed here.,"The map to the orbit under the central deck involution a. The map is not the quotient graph, its matrix, or an additional thirty-state carrier.",q30(v)=[v]_<a>,"Keep map, domain and codomain separately named.","[""QUOTIENTS""]"
quotient-q15,Native Klein-orbit projection,"[""q15"", ""q_15""]",quotient map,G60 -> G15,,,,,,,Source-recorded; no original mathematical producer re-executed here.,"The map assigning a native vertex its V4 orbit. The original thirty-state quotient refines these fibers, but that relation does not identify the two maps.",q15(v)=[v]_V4,Not the G15 adjacency or a fifteen-dimensional scalar functional.,"[""QUOTIENTS""]"
n0-count-domain,Nonnegative integer iteration domain,"[""N0"", ""N_0""]",scalar set,Counts of repeated histories,,,,,,,Source-recorded; no original mathematical producer re-executed here.,The nonnegative integers indexing allowed repetition counts. This is not a group called N0 or the initial value of a separately specified sequence.,"n in N0={0,1,2,...}",The domain alone is not a native source law.,"[""SCALAR""]"
n1-registration-count,Registered binary outcome-one count,"[""N1"", ""N_1""]",scalar count function,Supplied-weight mechanical registration sequence,,,,,,,Source-recorded; no original mathematical producer re-executed here.,"The count of ones in the defined binary sequence. Its telescoping formula proves realization once alpha and the update are supplied, not native selection of the weight or chronology.",N1(N)=floor(N alpha+theta)-floor(theta),Not the nonnegative integer set N0 or a native state-space cardinality.,"[""MEASURE""]"
b1-betti,First Betti number of the reference surface,"[""b1"", ""b_1""]",topological rank,The closed orientable surface used in the phase-lift example,,,,,,,Source-recorded; no original mathematical producer re-executed here.,"The source gives b1=2g=42 for genus21. The subscript denotes homological degree, not a receipt bit b_1 or Bob setting B1.",b1=42,This rank is not a new four-dimensional or forty-two-point carrier.,"[""SURFACE""]"
d0-section-sign,Initial signed-switching section convention,"[""d0"", ""d_0""]",scalar sign convention,Projective signed analyzer section,,,,,,,Source-recorded; no original mathematical producer re-executed here.,"The convention d(g,0)=+1 selects representatives of the signed switching class. The source shows that this section need not multiply exactly before rephasing.","d(g,0)=+1",Not the cochain map D0 or a canonical absolute axis orientation.,"[""SIGNED_AXIS""]"
d1-tick-depth,Event depth of one declared winding traversal,"[""d1"", ""d_1""]",scalar execution cost,A selected primitive registered-history traversal,,,,,,,Source-recorded; no original mathematical producer re-executed here.,The number of event steps required by that declared traversal. The corresponding tick-per-event rate is 1/d1. Its local index does not define a universal one-event tick.,tick rate = 1/d1,Event depth and signed winding remain different quantities.,"[""HISTORY_TIME""]"
d34-move-labels,Balanced-release d3/d4 move-class labels,"[""d3"", ""d4""]",native move-class references,Balanced-release execution grammar referenced by the winding extraction,,,,,,,Source-referenced move classes; full region reconstruction outside this scan.,"The companion-word source distinguishes d4 connectors from the extracted positive companion factors. In that particular receipt extraction they contribute no companion factor. That does not mean no physical or causal cost, or that the complete move grammar is reconstructed here.",Ordinary d4 connectors contribute no factor to this extracted companion word,The fully scanned packet does not contain the complete region move definition; preserve the original d3/d4 grammar source.,"[""WINDING""]"
coordinate-variables,Indexed endpoint and state-coordinate variables,"[""x0"", ""x1"", ""x2"", ""x_0"", ""x_1"", ""x_2"", ""y1"", ""y2"", ""y_1"", ""y_2"", ""z0"", ""z_0""]",indexed variable families,The local context in which a state or bit is written,,,,,,,Source-recorded; no original mathematical producer re-executed here.,"The same x1 can be a state at event one or the first bit of a kernel point. These are local variable uses, not global reusable mathematical objects. The occurrence index retains the defining sentence.","History states x_n; kernel points (i,x1,x2); target bits y1,y2",Do not merge chronology indices with coordinate slots or the cellular presentation generators x_i.,"[""BASE"", ""KERNEL""]"
basis-vector-family,Coordinate basis-vector family,"[""e1"", ""e2"", ""e3"", ""e_1"", ""e_2"", ""e_3""]",basis vectors,Declared conservative/rotor comparison space,,,,,,,Source-recorded; no original mathematical producer re-executed here.,"The vectors e1,e2,e3 are coordinate basis vectors in the explicit comparison calculations. They are not completed events e_i merely because the same letter and index occur in event histories.",e_i = ith coordinate basis vector in the specified space,Basis choice and event registration require separate domains.,"[""CONSERVATIVE""]"
event-index-family,Chronologically indexed events,"[""e1"", ""e2"", ""e3"", ""E1"", ""E2"", ""E3"", ""e_1"", ""e_2"", ""e_3""]",event-record variable family,Ordered QR event histories,,,,,,,Source-recorded; no original mathematical producer re-executed here.,"The event index specifies chronological position. It does not identify a frame character E_k, a face representation E2, or a coordinate vector e_k.","(e1,r1) o (e2,r2) ...",The variables are local to the declared history; no global equivalence is created by the index.,"[""BASE""]"
torsor-t-variables,Selected-reference torsor elements,"[""t1"", ""t2"", ""t_1"", ""t_2""]",torsor element variables,Two-member orientation torsor in the reconciliation theorem,,,,,,,Source-recorded; no original mathematical producer re-executed here.,"The compared elements t1,t2 are points of a supplied orientation torsor. They are not times, a macro transport, or the Lie generators T_i.",sigma_ref(t1) sigma_ref(t2),The comparison needs a declared torsor and action; naming its elements does not construct a cross-register map.,"[""INCIDENCE""]"
wxyz-a-variables,Intermediate WXYZTI register entries,"[""a1"", ""a2"", ""a_1"", ""a_2""]",state-coordinate variables,The source six-step closure argument,,,,,,,Source-recorded; no original mathematical producer re-executed here.,"The changed first-slot values in the displayed shared-output sequence. They are intermediate register values, not independent generators of an alternating group or new native graph vertices by convention.","(a,b,c) -> (a1,b,t) -> ... -> (a2,t,c)",The occurrence-dependent native endpoint/path assignment remains its own open crosswalk.,"[""WXYZ_CHOOSER"", ""WXYZ_SECTION""]"
paired-coordinate-flags,Paired u/v local relation indices,"[""u0"", ""u1"", ""u2"", ""v0"", ""v1""]",source-local coordinate/flag family,Native input bundle Boolean relation fields,,,,,,,Source-field names resolved as local index syntax; underlying relation meaning requires the enclosing record.,"The input bundle contains flags such as u0_v0 and u0_v1. These are source-local paired indices, not continuous U(1)/U(2), and v1 in that context is not a schema version.","Read the complete field name, e.g. u0_v1",The registry does not assign unseen physical or group meaning to these Boolean field indices.,"[""BUNDLE_INPUT""]"
su3-target,SU(3) completion target,"[""SU3"", ""SU(3)""]",unestablished continuous-group target,Charge-Cartan source next-frontier list,,,,,,,Explicitly uncompleted target.,The source lists SU3 completion among possible additional constraints on the charge algebra. It does not derive that completion or numerical Standard Model charges.,Referenced next target: SU3 completion,Not an admitted gauge group or a proved identification.,"[""CARTAN""]"
su4-target,Excluded physical SU(4) gauge identification,"[""SU4"", ""SU(4)""]",unestablished interpretation target,Boundary of the selected face-reflection audit,,,,,,,Boundary-only occurrence; no admitted physical group.,"The source expressly says no physical SU4 gauge claim is derived by its finite reflection selector. The label must therefore stay in the boundary/target bin, not the proved-structure column.",physical SU4 gauge claim: not derived,A C^4 representation is not proof of a physical SU4 gauge symmetry.,"[""RESIDUAL""]"
periodic-t3,Periodic three-torus Maxwell domain,"[""T^3""]",topological domain,The conventional periodic Maxwell operator example,,,,,,,Source-recorded; no original mathematical producer re-executed here.,"The torus supplies the periodic function domain for the curl operator. The superscript denotes a threefold product, not the third power of an event transport T.",T^3=(R/2pi Z)^3,Not a finite C3 event-phase action or a native spatial derivation.,"[""CONSERVATIVE""]"
l2-field-space,Square-integrable field space,"[""L2"", ""L^2""]",function-space family,Periodic Maxwell fields on the stated domain,,,,,,,Source-recorded; no original mathematical producer re-executed here.,L^2 denotes a function-space integrability class. It is not the second inert complex line L2 or an appendix source identifier. Boundary and curl-domain conditions remain part of the operator specification.,L^2(T^3; C^3),Do not infer a two-dimensional finite space from the exponent two.,"[""CONSERVATIVE""]"
k2-edge,Two-vertex complete edge graph,"[""K2"", ""K_2""]",finite graph,An individual edge component or Cartesian-product factor,,2,,,,,Source notation and structure as recorded; no native producer rerun.,"K2 is a complete graph on two vertices in 6K2 and C6 square K2. It is a component/factor, not the full six-edge orbital or the prism. A different K_2 in the face-envelope calculation is a Lie generator.","K2: two vertices, one edge","Keep graph component, disjoint union, Cartesian product, and operator-generator meanings separate.","[""CONNECTION"", ""MACRO_EXCERPT""]"
k6-component,Complete six-vertex orbital component,"[""K6"", ""K_6""]",finite graph,A component of the same-phase 2K6 orbital,,6,,,,,Source notation and structure as recorded; no native producer rerun.,The individual complete six-vertex graph in the disjoint union of two same-phase components. The source explicitly leaves the corresponding connection selection open.,2K6 is two disjoint copies of K6,A component is not the whole twelve-point orbital.,"[""CONNECTION""]"
c6-cycle-graph,Six-cycle graph factor,"[""C6"", ""C_6""]",finite graph,Hexagonal factor of the binary-support prism,,6,,,,,Source notation and structure as recorded; no native producer rerun.,"The six-vertex cycle appearing in C6 square K2. Its graph automorphism group and any selected cyclic transport would be additional objects, not consequences of using the graph name.",C6: hexagonal cycle,Not the six-position WXYZTI action without a domain map.,"[""MACRO_EXCERPT""]"
integer-lattices,Integral coordinate lattice family,"[""Z^3"", ""Z^4"", ""Z^9""]",free abelian group family,Declared chain groups or Fourier-index lattices,,,,,,,Source notation and structure as recorded; no native producer rerun.,"Z^n denotes a rank-n free abelian group or integer lattice. For example, the four-generator cellular C1 group is Z^4, while periodic Maxwell Fourier indices lie in Z^3. These are not cyclic residues modulo n.",Z^n with coordinatewise addition,Preserve the coefficient ring and the actual chain/Fourier domain.,"[""WINDING"", ""CONSERVATIVE""]"
power-expression,Powers and repeated-composition notation,"[""F^5"", ""S^5"", ""a^2"", ""b^2"", ""r^4"", ""J5^2"", ""K5^2""]",syntax layer,"A previously defined operator, scalar, group element or set",,,,,,,Explicit notation triage; local semantic context still required.,"An exponent usually constructs a power of an already named object. It does not create a fresh letter-number label. Some superscripts instead indicate scalar-space dimension, cochain degree or a sphere; those meanings are named separately in this register.","F^5 is the fifth power of F, not a new object called F5",Read the base object and mathematical syntax. This bin is not a theorem that every superscript is an operator power.,"[""FRAMES"", ""CHAT""]"
source-path-fragments,Letter-number fragments inside source paths and schemas,"[""g60"", ""g30"", ""g15"", ""g900"", ""g1800"", ""g9000"", ""c4"", ""a5"", ""v4"", ""k22"", ""p1"", ""p3"", ""d5"", ""s1"", ""s3"", ""c3"", ""c5""]",source-path reference family,"Filenames, URLs, schema keys and proof-check identifiers",,,,,,,Metadata triage; source file identifies any referenced object.,"Lower-case fragments in a path can refer to a named structure, but the whole source identifier is the object being indexed in that occurrence. No automatic case-folding equates arbitrary lower-case variables with upper-case group labels. Lowercase c3/c5 here occur in source filenames and HTML anchors; they are retained as locators rather than case-folded into mathematical C3/C5.",Example: native_g60_...json is a source path mentioning G60,A source-path reference is not another independent mathematical occurrence or a new native group.,"[""CENSUS"", ""CORE"", ""BUNDLE_INPUT""]"
three-section-coordinate,Three-section coordinate set,"[""X3"", ""X_3""]",finite coordinate set,Three-state factor of the earlier twelve-section closure surface,,3,,,,,Source-defined notation; no new mathematical producer run.,The source writes the section set as X12 ~= X3 x X4. X3 is the three-element coordinate set carrying the stated S3 permutation action. It is not the acting group itself and is not a three-dimensional vector space.,"|X3|=3; (sigma,d).(s,q)=(sigma(s),d(q))","Keep separate from the C3 rotation subgroup, full S3 action, and the normalized Z3 coordinate in the relational-kernel model until the specific coordinate comparison is supplied.","[""OLDER_SECTION_SURFACE""]"
initial-history-prefix,Initial history prefix for a freedom comparison,"[""h0"", ""h_0""]",history-variable role,Specified initial prefix in the finite-frame freedom comparison,,,,,,,Source-defined notation; no new mathematical producer run.,"h0 marks the reference prefix from which resolved freedom is measured. Its zero subscript identifies its role in the comparison, not a zero-degree homology group or a fixed native state number.",R_W(h)=F_W(h0)-F_W(h),The choice of initial history and the fixed completion universe are part of the comparison. Do not confuse h0 with H_0 homology.,"[""CORE""]"
predictive-history-test-pair,Histories compared for predictive equivalence,"[""h1"", ""h2"", ""h_1"", ""h_2""]",indexed history variables,Two histories evaluated against the same future-language and response criterion,,,,,,,Source-defined notation; no new mathematical producer run.,"The indices distinguish the two arguments of predictive equivalence. They do not designate the native two-state alphabet {2,3}, homology groups H1/H2, or an ordered generator list.","h1 ~_pred h2 iff L(h1)=L(h2) and O(h1,w)=O(h2,w) for all w in the common admitted language","Agreement on only some intersecting tests is weaker than this definition. The labels are variables, not newly defined carriers.","[""CORE""]"
t10-native-macro,Native decagonal macro-history actor,"[""T10"", ""T_10""]",native permutation / named actor,"Selected native G60 macro transport, with separately reported six-axis image",,,,,,,Source-recorded; no historical producer re-executed in this sweep.,T10 is the named actor used by the macro-history alphabet. The inherited source records T10^5=b and T10^10=I. Its conference image has even orientation and a five-cycle plus a fixed analyzer axis. The complete native action and its quotient image have different orders.,"Native: T10^5=b, T10^10=I; conference quotient: order 5, cycle type 5+1","Not the generated subgroup <T10> itself. Not the same-face reverse-edge connection T_10=T_01^-1, and not F_reg^2. Full actor provenance is inherited, not replayed here.","[""MACRO_EXCERPT"", ""CONF_ACTION"", ""CORE""]"
h40-dart-incidence,Two-dodecahedral dart-incidence graph reference,"[""H40"", ""h40""]",source-referenced finite graph,Graph pairing dart descriptions of the native sixty states,,40,,,,,Source-recorded; no historical producer re-executed in this sweep.,"An upstream verdict preserved in the signed-face audit names h40 as the graph whose sixty edges pair the sixty dart descriptions from two complementary dodecahedral graphs. It associates the forty native G60 triangles with the twenty plus twenty vertex stars. This supplies a graph role for the label, but not the full original edge table in this sweep.",Reported correspondence: 60 G60 states <-> 60 h40 edges; 40 G60 triangles <-> 20+20 vertex stars,"Do not confuse this graph reference with frontier H40, homology, or an abstract group of order forty. Original audit024 adjacency and exact maps remain to be recovered.","[""H40_REFERENCE""]"
escaped-string-fragment,Serialized escape-sequence false matches,"[""n0"", ""n1""]",lexical false-positive bin,JSON strings containing escaped newline followed by a digit,,,,,,,"Scanner artifact, not a mathematical object.",The raw text pattern can match n0 inside a JSON escape such as backslash-n followed by 0. That is not an indexed variable n0. The occurrence inventory preserves it and flags the escape context.,JSON raw text: \n0,Do not create a mathematical structure from a serialization artifact.,"[""CORE""]"
